kind,time,x,y,yaw,vx,vy,wz,wall_time
odom,15.56,1.3734618374864637e-12,2.355252870952764e-15,-0.0009642108169867214,2.8325178257523426e-14,2.2422554073351954e-17,-0.0022327355139412823,1791548619.9974787
odom,15.64,1.375726840816073e-12,2.3571113217072614e-15,-0.0010084093282012319,2.8324862352002804e-14,2.24636732109693e-17,-0.0007872838439239068,1791548620.0469491
odom,15.68,1.3768593531344368e-12,2.3579854028259553e-15,-0.0009825727204444412,2.832521516533082e-14,2.2639028574044438e-17,0.000587125322170396,1791548620.0970635
odom,15.72,1.3779918637268505e-12,2.3587804863709037e-15,-0.0008823026727640125,2.832429323498286e-14,2.2732362915360376e-17,0.0031331804441606208,1791548620.1470056
odom,15.8,1.3802555847235134e-12,2.3604332667790125e-15,-0.000741644310410905,2.8234082235684565e-14,2.2441200375134835e-17,0.003597344894515378,1791548620.19755
odom,15.84,1.381389447581403e-12,2.3612470435056075e-15,-0.0006614440524428389,2.832446499915796e-14,2.246785984821543e-17,0.0012759259211222826,1791548620.247125
odom,15.88,1.3825219334049022e-12,2.3621162503017055e-15,-0.0006312873089164839,2.8323118224737176e-14,2.2738143384096707e-17,-0.0008327216960003072,1791548620.2971694
odom,15.92,1.3836544006147757e-12,2.3630540042500986e-15,-0.0006573467946489053,2.8323952553299347e-14,2.2613375113037927e-17,-0.0015255398686748018,1791548620.3470967
odom,15.96,1.3847869039900315e-12,2.3640024167026605e-15,-0.0006929414108340914,2.8324779409267333e-14,2.2816003403284152e-17,-0.0013339309074424707,1791548620.3971083
odom,16.04,1.387051955830982e-12,2.365801464439128e-15,-0.0006759097794128978,2.832394704022481e-14,2.2753081755498367e-17,0.00182058094523061,1791548620.447089
odom,16.08,1.3881844595164094e-12,2.366697632454574e-15,-0.0006623745989151608,2.8324230809840704e-14,2.2816803324267562e-17,-0.0023295931873253796,1791548620.4972107
odom,16.12,1.3893169685591814e-12,2.3677165167504587e-15,-0.0007580824157682463,2.8323924744245652e-14,2.26419894375783e-17,-0.0036928229720958284,1791548620.5470123
odom,16.16,1.3904494791051157e-12,2.36872290091712e-15,-0.0008474314683084573,2.8324346169469473e-14,2.2576238605123196e-17,-0.0020449977288751857,1791548620.5973523
odom,16.24,1.39271455108622e-12,2.3704935044639794e-15,-0.0008130316547170224,2.8325001433029642e-14,2.2527234528959494e-17,0.0009013160167322029,1791548620.647155
odom,16.28,1.3938471088442907e-12,2.3713919057618524e-15,-0.0008115759633557929,2.832513204105199e-14,2.243633610023171e-17,-0.002211487825403772,1791548620.6971414
odom,16.32,1.3949796759765257e-12,2.3723625005009374e-15,-0.0008761187278412129,2.8325350996963594e-14,2.242131543583981e-17,-0.0023959758432882334,1791548620.7469795
odom,16.36,1.3961122353211936e-12,2.373349372448208e-15,-0.0009513636070055397,2.83242896360013e-14,2.271496420523321e-17,-0.0028750365970202007,1791548620.7970304
odom,16.44,1.398377298716508e-12,2.3752268076743847e-15,-0.0010181982194290564,2.832477226013943e-14,2.225250129457605e-17,-0.000856561840696526,1791548620.8469954
odom,16.48,1.3995098510846665e-12,2.376056198208388e-15,-0.0009625338314016575,2.832422943690849e-14,2.2396274911759332e-17,0.0022403081302217603,1791548620.8970795
odom,16.52,1.4006424098975853e-12,2.3769609985039494e-15,-0.0009684164360721503,2.8325356238269562e-14,2.252961591385767e-17,-0.004284336761556727,1791548620.9470131
odom,16.56,1.4017749852378564e-12,2.377991733612299e-15,-0.001082522725775359,2.832442367062943e-14,2.2542490603060007e-17,-0.0030755854416248487,1791548620.9971309
odom,16.64,1.4040401922893891e-12,2.380113115276515e-15,-0.001359621882824236,2.8325876054219362e-14,2.2573959634150352e-17,-0.005328968701188726,1791548621.046981
odom,16.68,1.4051727932317636e-12,2.381076816152546e-15,-0.001410803357001278,2.8324726636527444e-14,2.2738220592734437e-17,0.0007739840536203006,1791548621.0971391
odom,16.72,1.406305373593975e-12,2.3818553616644875e-15,-0.0013003844391863415,2.8325059779166193e-14,2.233648172855259e-17,0.002778894551297601,1791548621.1470926
odom,16.76,1.4074379773858429e-12,2.382673809968575e-15,-0.0012348015796765919,2.8325869958722847e-14,2.2281152446776474e-17,-0.0015910408426942533,1791548621.196994
odom,16.84,1.4097031736840313e-12,2.384502651015924e-15,-0.0012632109460954946,2.8324925399914288e-14,2.2545288728418324e-17,0.0023674752859458017,1791548621.247044
cmd,16.854000000000003,0,0,0,0.0,0.0,0.0,1791548621.2509282
cmd,16.874000000000002,0,0,0,0.0,0.0,0.0,1791548621.2709138
cmd,16.894000000000002,0,0,0,0.0,0.0,0.0,1791548621.2911174
odom,16.88,1.4108357804693825e-12,2.385283399923251e-15,-0.0011546978862146948,2.8325739605164052e-14,2.2676538680988017e-17,0.0012063031805753994,1791548621.2972183
cmd,16.914,0,0,0,0.0,0.0,0.0,1791548621.3109586
cmd,16.934,0,0,0,0.0,0.0,0.0,1791548621.3308446
odom,16.92,1.4119684217051074e-12,2.386105071529141e-15,-0.0010799497395472815,2.8326495106455906e-14,2.2654673302586286e-17,0.000824079446369671,1791548621.3471437
cmd,16.954,0,0,0,0.0,0.0,0.0,1791548621.3508515
cmd,16.974,0,0,0,0.0,0.0,0.0,1791548621.370886
cmd,16.994,0,0,0,0.0,0.0,0.0,1791548621.3910003
odom,16.96,1.4131010821091013e-12,2.3870023321354022e-15,-0.001072363365917095,2.8326358462323678e-14,2.266292214346871e-17,-0.0022348029216502224,1791548621.3972719
cmd,17.014,0,0,0,0.0,0.0,0.0,1791548621.4109128
cmd,17.034000000000002,0,0,0,0.0,0.0,0.0,1791548621.4308684
odom,17.04,1.4153664130528164e-12,2.388831598763854e-15,-0.0010836814486263613,2.8325928545965185e-14,2.2532513899909447e-17,-0.00022989967988500665,1791548621.447125
cmd,17.054000000000002,0,0,0,0.0,0.0,0.0,1791548621.451045
cmd,17.074,0,0,0,0.0,0.0,0.0,1791548621.4708674
cmd,17.094,0,0,0,0.0,0.0,0.0,1791548621.4908526
odom,17.08,1.4164990643813061e-12,2.3897494425355732e-15,-0.0010957833276048488,2.832614839281432e-14,2.275335473905047e-17,-0.0021619894670389427,1791548621.4971223
cmd,17.114,0,0,0,0.0,0.0,0.0,1791548621.5109272
cmd,17.134,0,0,0,0.0,0.0,0.0,1791548621.530912
odom,17.12,1.4176317022954388e-12,2.390639435295285e-15,-0.0010798161666105697,2.8324767924844126e-14,2.2665291546405352e-17,0.0013931839951600222,1791548621.5471072
cmd,17.154,0,0,0,0.0,0.0,0.0,1791548621.550811
cmd,17.174,0,0,0,0.0,0.0,0.0,1791548621.5708196
cmd,17.194000000000003,0,0,0,0.0,0.0,0.0,1791548621.590913
odom,17.16,1.4187643269998054e-12,2.3915228865907094e-15,-0.0010573107518205838,2.8325916348811634e-14,2.2855781419347398e-17,-0.002047883678871171,1791548621.5970154
cmd,17.214000000000002,0,0,0,0.0,0.0,0.0,1791548621.610878
cmd,17.234,0,0,0,0.0,0.0,-0.0126,1791548621.6310027
odom,17.24,1.4210296208625133e-12,2.393433243977451e-15,-0.001142436706874861,2.8325506664870275e-14,2.2344572664048228e-17,-0.0018794809385065346,1791548621.6471162
cmd,17.254,0,0,0,0.0,0.0,-0.0246,1791548621.6507988
cmd,17.274,0,0,0,0.0,0.0,-0.0366,1791548621.6709006
cmd,17.294,0,0,0,0.0,0.0,-0.048,1791548621.6909468
odom,17.28,1.4221622782108701e-12,2.3944018816588507e-15,-0.0012038367311237863,2.8326340234721268e-14,2.2734715867232498e-17,-0.003122308308649205,1791548621.697001
cmd,17.314,0,0,0,0.0,0.0,-0.0606,1791548621.7108848
cmd,17.334,0,0,0,0.0,0.0,-0.0726,1791548621.7308345
odom,17.32,1.4232949498898861e-12,2.395376936009468e-15,-0.0012646053347400432,2.832579081502493e-14,2.2587117043039987e-17,-0.001854166784154589,1791548621.746962
cmd,17.354000000000003,0,0,0,0.0,0.0,-0.0846,1791548621.7508185
cmd,17.374000000000002,0,0,0,0.0,0.0,-0.09659999999999999,1791548621.7708428
cmd,17.394000000000002,0,0,0,0.0,0.0,-0.10859999999999999,1791548621.790873
odom,17.36,1.424427612389946e-12,2.3963065537915313e-15,-0.0012902631004001466,2.8325892393335244e-14,2.2454273682220006e-17,-0.001437183665561402,1791548621.797218
cmd,17.414,0,0,0,0.0,0.0,-0.11999999999999998,1791548621.8110423
cmd,17.434,0,0,0,0.0,0.0,-0.13199999999999998,1791548621.8308918
odom,17.44,1.4266929307342328e-12,2.398184717538568e-15,-0.0013660638850399032,2.832580786819611e-14,2.2358341570298162e-17,-0.004888024267320727,1791548621.8470705
cmd,17.454,0,0,0,0.0,0.0,-0.144,1791548621.8508637
cmd,17.474,0,0,0,0.0,0.0,-0.156,1791548621.8708155
cmd,17.494,0,0,0,0.0,0.0,-0.1686,1791548621.8908439
odom,17.48,1.4278256219722593e-12,2.3991911470348896e-15,-0.0014603414893055167,2.8327191442868704e-14,2.2760144418266824e-17,-0.0020139126695689824,1791548621.8971124
cmd,17.514,0,0,0,0.0,0.0,-0.1806,1791548621.9109077
cmd,17.534000000000002,0,0,0,0.0,0.0,-0.192,1791548621.9310362
odom,17.52,1.428958337024868e-12,2.400134362873751e-15,-0.001492043840525703,2.8326413289568176e-14,2.2628812046814942e-17,-0.0019071086917565338,1791548621.9473703
cmd,17.554000000000002,0,0,0,0.0,0.0,-0.2046,1791548621.9509723
cmd,17.574,0,0,0,0.0,0.0,-0.21660000000000001,1791548621.9709072
cmd,17.594,0,0,0,0.0,0.0,-0.22860000000000003,1791548621.9908798
odom,17.56,1.4300910406461385e-12,2.4010687027333486e-15,-0.0015199769186673429,2.8326719269119836e-14,2.254007381516018e-17,-0.0018717845060300534,1791548621.9969974
cmd,17.614,0,0,0,0.0,0.0,-0.24000000000000002,1791548622.0109184
cmd,17.634,0,0,0,0.0,0.0,-0.25260000000000005,1791548622.030841
odom,17.64,1.4337245256500988e-12,2.4162779118839705e-15,-0.007831012533273896,5.590141406077747e-14,9.945456689557595e-16,-0.1875107118307255,1791548622.0469909
cmd,17.654,0,0,0,0.0,0.0,-0.26460000000000006,1791548622.0508513
cmd,17.674,0,0,0,0.0,0.0,-0.2760000000000001,1791548622.0707986
cmd,17.694000000000003,0,0,0,0.0,0.0,-0.2886000000000001,1791548622.0909336
odom,17.68,1.435973663834674e-12,2.4446698710975843e-15,-0.01636234035553752,5.6716320035640543e-14,1.6221813249258692e-15,-0.23622737066203556,1791548622.0972688
cmd,17.714000000000002,0,0,0,0.0,0.0,-0.3000000000000001,1791548622.1109257
cmd,17.734,0,0,0,0.0,0.0,-0.3126000000000001,1791548622.1310365
odom,17.72,1.4382456296997092e-12,2.4780158849113876e-15,-0.026486949273014652,5.68793786422153e-14,2.30414193561349e-15,-0.26424124506038615,1791548622.1471183
cmd,17.754,0,0,0,0.0,0.0,-0.3240000000000001,1791548622.150806
cmd,17.774,0,0,0,0.0,0.0,-0.3366000000000001,1791548622.1708105
cmd,17.794,0,0,0,0.0,0.0,-0.34860000000000013,1791548622.1909244
odom,17.76,1.44052304604011e-12,2.515085725272688e-15,-0.03781655310214927,5.691382755479576e-14,3.0550185522989114e-15,-0.2944172370396977,1791548622.1970177
cmd,17.814,0,0,0,0.0,0.0,-0.36060000000000014,1791548622.2108803
cmd,17.834,0,0,0,0.0,0.0,-0.37260000000000015,1791548622.2309523
odom,17.84,1.445085144992831e-12,2.5618702973362513e-15,-0.06578771992546129,5.691762492583362e-14,4.731828056515647e-15,-0.3628422205615703,1791548622.246998
cmd,17.854000000000003,0,0,0,0.0,0.0,-0.38460000000000016,1791548622.2508876
cmd,17.874000000000002,0,0,0,0.0,0.0,-0.3966000000000002,1791548622.2708073
cmd,17.894000000000002,0,0,0,0.0,0.0,-0.4086000000000002,1791548622.2909067
odom,17.88,1.4473696489348875e-12,2.5861643409781597e-15,-0.08168465091329802,5.690046818833462e-14,5.674701342143987e-15,-0.38874721829259745,1791548622.297053
cmd,17.914,0,0,0,0.0,0.0,-0.4206000000000002,1791548622.3111534
cmd,17.934,0,0,0,0.0,0.0,-0.4326000000000002,1791548622.331026
odom,17.92,1.4496568040041387e-12,2.610620066361591e-15,-0.0987434734755901,5.686558882688186e-14,6.661623687479971e-15,-0.4165515175651852,1791548622.3472555
cmd,17.954,0,0,0,0.0,0.0,-0.44400000000000023,1791548622.3509026
cmd,17.974,0,0,0,0.0,0.0,-0.45660000000000023,1791548622.3709087
cmd,17.994,0,0,0,0.0,0.0,-0.46860000000000024,1791548622.3908906
odom,17.96,1.4519463441916177e-12,2.6606022005260664e-15,-0.11595439800435958,5.6795715025353803e-14,7.711042764694413e-15,-0.4322666482763682,1791548622.3971753
cmd,18.014,0,0,0,0.0,0.0,-0.48060000000000025,1791548622.410905
cmd,18.034000000000002,0,0,0,0.0,0.0,-0.49260000000000026,1791548622.430877
odom,18.04,1.4565332344528764e-12,2.7667018765165143e-15,-0.15291185604962765,5.6599893896241333e-14,9.979683804336112e-15,-0.47661111243174115,1791548622.4470577
cmd,18.054000000000002,0,0,0,0.0,0.0,-0.5046000000000003,1791548622.4508264
cmd,18.074,0,0,0,0.0,0.0,-0.5166000000000003,1791548622.4708204
cmd,18.094,0,0,0,0.0,0.0,-0.5286000000000003,1791548622.4908135
odom,18.08,1.4588308108189772e-12,2.8231032912204888e-15,-0.1729393404695294,5.644318523472121e-14,1.1208253571774539e-14,-0.5027589430527873,1791548622.497026
cmd,18.114,0,0,0,0.0,0.0,-0.5400000000000003,1791548622.5110004
cmd,18.134,0,0,0,0.0,0.0,-0.5526000000000002,1791548622.530877
odom,18.12,1.4611315433741881e-12,2.8469435062144315e-15,-0.1956221285778645,5.626480629586884e-14,1.2476580884655445e-14,-0.542129925050838,1791548622.5469449
cmd,18.154,0,0,0,0.0,0.0,-0.5646000000000002,1791548622.550908
cmd,18.174,0,0,0,0.0,0.0,-0.5766000000000002,1791548622.5708377
cmd,18.194000000000003,0,0,0,0.0,0.0,-0.5880000000000002,1791548622.5908346
odom,18.16,1.4634354833248017e-12,2.8694633765581467e-15,-0.2197606207030396,5.604163907948732e-14,1.3811152917596111e-14,-0.5683206974584671,1791548622.5971026
cmd,18.214000000000002,0,0,0,0.0,0.0,-0.6,1791548622.6109016
cmd,18.234,0,0,0,0.0,0.0,-0.6,1791548622.6309144
odom,18.24,1.4680535541623513e-12,2.907387068045724e-15,-0.2717208183399964,5.546354340418899e-14,1.6607875689362512e-14,-0.6228984691459041,1791548622.6470203
cmd,18.254,0,0,0,0.0,0.0,-0.6,1791548622.6509094
cmd,18.274,0,0,0,0.0,0.0,-0.6,1791548622.6708503
cmd,18.294,0,0,0,0.0,0.0,-0.6,1791548622.6908283
odom,18.28,1.470366903099169e-12,2.922095084700746e-15,-0.29926532451043064,5.506484316094734e-14,1.806971057619844e-14,-0.6393001643937292,1791548622.696985
cmd,18.314,0,0,0,0.0,0.0,-0.6,1791548622.7109141
cmd,18.334,0,0,0,0.0,0.0,-0.6,1791548622.7309048
odom,18.32,1.4726812187456763e-12,2.934185636836612e-15,-0.32729702062785293,5.455638625415717e-14,1.9512327009927658e-14,-0.6438447731407435,1791548622.7469807
cmd,18.354000000000003,0,0,0,0.0,0.0,-0.6,1791548622.7508388
cmd,18.374000000000002,0,0,0,0.0,0.0,-0.6,1791548622.770841
cmd,18.394000000000002,0,0,0,0.0,0.0,-0.6,1791548622.790823
odom,18.36,1.4749948682906667e-12,2.943473763343939e-15,-0.355474809521465,5.400966184880968e-14,2.0951418780512657e-14,-0.645329397343892,1791548622.7971473
cmd,18.414,0,0,0,0.0,0.0,-0.588,1791548622.8109634
cmd,18.434,0,0,0,0.0,0.0,-0.576,1791548622.8309116
odom,18.44,1.4796196795313826e-12,3.000845949664478e-15,-0.4099007352565671,5.2805202400009205e-14,2.3764246206348172e-14,-0.6454890989282375,1791548622.847108
cmd,18.454,0,0,0,0.0,0.0,-0.5646,1791548622.8508275
cmd,18.474,0,0,0,0.0,0.0,-0.552,1791548622.8708482
cmd,18.494,0,0,0,0.0,0.0,-0.54,1791548622.8908648
odom,18.48,1.4819294126076964e-12,3.0499036290252506e-15,-0.4358282188149456,5.207412187895764e-14,2.5114185015251443e-14,-0.638533020534378,1791548622.8969944
cmd,18.514000000000003,0,0,0,0.0,0.0,-0.528,1791548622.9109166
cmd,18.534000000000002,0,0,0,0.0,0.0,-0.5166000000000001,1791548622.9308667
odom,18.52,1.4842354428643405e-12,3.0979764806278e-15,-0.46126713695511024,5.133691895156328e-14,2.6386627019757236e-14,-0.6173858519318239,1791548622.946949
cmd,18.554000000000002,0,0,0,0.0,0.0,-0.504,1791548622.9508421
cmd,18.574,0,0,0,0.0,0.0,-0.492,1791548622.9708242
cmd,18.594,0,0,0,0.0,0.0,-0.48,1791548622.9908278
odom,18.56,1.4865376868477327e-12,3.144215670142211e-15,-0.4858752214484614,5.058952351609278e-14,2.7585902697186655e-14,-0.5953439788556527,1791548622.9970722
cmd,18.614,0,0,0,0.0,0.0,-0.46799999999999997,1791548623.011026
cmd,18.634,0,0,0,0.0,0.0,-0.45599999999999996,1791548623.030846
odom,18.64,1.4911308403729786e-12,3.2315380830615116e-15,-0.5323142077927837,4.91141583565682e-14,2.9786454512431946e-14,-0.5470873320326558,1791548623.0469878
cmd,18.654,0,0,0,0.0,0.0,-0.44459999999999994,1791548623.0508633
cmd,18.674,0,0,0,0.0,0.0,-0.43259999999999993,1791548623.0708678
cmd,18.694000000000003,0,0,0,0.0,0.0,-0.41999999999999993,1791548623.0909166
odom,18.68,1.493422884152569e-12,3.2331734372324553e-15,-0.5555673961686862,4.839517737270255e-14,3.077611392213617e-14,-0.5078304715610624,1791548623.0971596
cmd,18.714000000000002,0,0,0,0.0,0.0,-0.4079999999999999,1791548623.110972
cmd,18.734,0,0,0,0.0,0.0,-0.3959999999999999,1791548623.1308239
odom,18.72,1.4957112944857673e-12,3.2710216776783872e-15,-0.575733919081185,4.7703276056805506e-14,3.171492276992116e-14,-0.4882266545756178,1791548623.14701
cmd,18.754,0,0,0,0.0,0.0,-0.3845999999999999,1791548623.1508899
cmd,18.774,0,0,0,0.0,0.0,-0.3719999999999999,1791548623.1708379
cmd,18.794,0,0,0,0.0,0.0,-0.3599999999999999,1791548623.1908176
odom,18.76,1.4979969934596028e-12,3.30774679804488e-15,-0.595058595833513,4.7018608393465136e-14,3.2587719239564016e-14,-0.46484729666284946,1791548623.1971984
cmd,18.814,0,0,0,0.0,0.0,-0.34799999999999986,1791548623.2109199
cmd,18.834,0,0,0,0.0,0.0,-0.33599999999999985,1791548623.2308598
odom,18.84,1.502561304656306e-12,3.345212035786785e-15,-0.631846607820671,4.5741472242712144e-14,3.4153860865449654e-14,-0.4040328215671236,1791548623.2470183
cmd,18.854000000000003,0,0,0,0.0,0.0,-0.32399999999999984,1791548623.2508442
cmd,18.874000000000002,0,0,0,0.0,0.0,-0.31199999999999983,1791548623.2708282
cmd,18.893,0,0,0,0.0,0.0,-0.3005999999999998,1791548623.2909496
odom,18.88,1.5048400799618788e-12,3.37699737656233e-15,-0.6478167529011474,4.514648482507998e-14,3.4851179263358626e-14,-0.385603128283553,1791548623.297082
cmd,18.914,0,0,0,0.0,0.0,-0.2879999999999998,1791548623.3109632
cmd,18.934,0,0,0,0.0,0.0,-0.2759999999999998,1791548623.3308973
odom,18.92,1.507117060773463e-12,3.4079270523570997e-15,-0.6629998895046416,4.458389436154564e-14,3.5489220875443316e-14,-0.36487094560169075,1791548623.3470633
cmd,18.954,0,0,0,0.0,0.0,-0.2639999999999998,1791548623.35081
cmd,18.974,0,0,0,0.0,0.0,-0.2519999999999998,1791548623.370836
cmd,18.994,0,0,0,0.0,0.0,-0.23999999999999977,1791548623.390848
odom,18.96,1.5093924025926951e-12,3.437532311904657e-15,-0.6772061226156797,4.4054454941987717e-14,3.607557714980215e-14,-0.33709576346967907,1791548623.397253
cmd,19.014000000000003,0,0,0,0.0,0.0,-0.22799999999999976,1791548623.410895
cmd,19.034000000000002,0,0,0,0.0,0.0,-0.21659999999999976,1791548623.4309142
odom,19.04,1.513938660712306e-12,3.4920497871282947e-15,-0.7024212290313043,4.3104123598786255e-14,3.7082397269841455e-14,-0.28716961041882927,1791548623.4469995
cmd,19.054000000000002,0,0,0,0.0,0.0,-0.20399999999999976,1791548623.4508448
cmd,19.074,0,0,0,0.0,0.0,-0.19199999999999975,1791548623.4708278
cmd,19.094,0,0,0,0.0,0.0,-0.17999999999999974,1791548623.490881
odom,19.08,1.516210077974801e-12,3.5169891190985917e-15,-0.7135038028555707,4.2689081616275394e-14,3.75127597742459e-14,-0.26141175766608754,1791548623.4970384
cmd,19.114,0,0,0,0.0,0.0,-0.16799999999999973,1791548623.5108871
cmd,19.134,0,0,0,0.0,0.0,-0.15599999999999972,1791548623.5308964
odom,19.12,1.5184807720783353e-12,3.5220420945267627e-15,-0.7239157623276067,4.231141254933406e-14,3.789210261647546e-14,-0.22559527182572076,1791548623.5471146
cmd,19.154,0,0,0,0.0,0.0,-0.1439999999999997,1791548623.5508916
cmd,19.174,0,0,0,0.0,0.0,-0.1319999999999997,1791548623.5708404
cmd,19.194000000000003,0,0,0,0.0,0.0,-0.1199999999999997,1791548623.5908394
odom,19.16,1.520750529728523e-12,3.5428641917893245e-15,-0.732620358981598,4.198594696133645e-14,3.8222408070348314e-14,-0.20704248302006262,1791548623.5970767
cmd,19.214000000000002,0,0,0,0.0,0.0,-0.10859999999999971,1791548623.611005
cmd,19.234,0,0,0,0.0,0.0,-0.09599999999999971,1791548623.6308963
odom,19.24,1.5252883668633684e-12,3.579596995419798e-15,-0.7472910915063347,4.144892451800817e-14,3.874407439243695e-14,-0.16031463102231305,1791548623.6469927
cmd,19.254,0,0,0,0.0,0.0,-0.08399999999999971,1791548623.6508183
cmd,19.274,0,0,0,0.0,0.0,-0.07199999999999972,1791548623.6708295
cmd,19.294,0,0,0,0.0,0.0,-0.05999999999999972,1791548623.69085
odom,19.28,1.5275567362837217e-12,3.595157430245344e-15,-0.7531320229625723,4.125416401950299e-14,3.893241581027256e-14,-0.13191692961191775,1791548623.6971657
cmd,19.314,0,0,0,0.0,0.0,-0.04799999999999972,1791548623.7108705
cmd,19.334,0,0,0,0.0,0.0,-0.03599999999999973,1791548623.730859
odom,19.32,1.5298248396216676e-12,3.6083182780184955e-15,-0.7578736060983569,4.109659025851683e-14,3.907633916738717e-14,-0.1066484987326349,1791548623.7469745
cmd,19.354000000000003,0,0,0,0.0,0.0,-0.023999999999999726,1791548623.750834
cmd,19.374000000000002,0,0,0,0.0,0.0,-0.019382388817579255,1791548623.770886
cmd,19.394000000000002,0,0,0,0.0,0.0,-0.019399537938409796,1791548623.7908463
odom,19.36,1.5320928072393613e-12,3.614192416820305e-15,-0.7614790767530458,4.099146931896834e-14,3.9171868874353715e-14,-0.06943608128862384,1791548623.7970402
cmd,19.414,0,0,0,0.0,0.0,-0.025948273411889367,1791548623.811026
cmd,19.434,0,0,0,0.0,0.0,-0.02596400854224899,1791548623.8309407
odom,19.44,1.536628355792925e-12,3.628658072780553e-15,-0.7654506731332945,4.08881172508784e-14,3.9273751046876954e-14,-0.03582740549662224,1791548623.8470259
cmd,19.454,0,0,0,0.0,0.0,-0.030590774465611502,1791548623.8509758
cmd,19.474,0,0,0,0.0,0.0,-0.030603377346221088,1791548623.870877
cmd,19.494,0,0,0,0.0,0.0,-0.030615980226830673,1791548623.8908453
odom,19.48,1.5388962598138007e-12,3.634828569767109e-15,-0.7666527651914432,4.0845593439069455e-14,3.9320386959479954e-14,-0.02991410114066122,1791548623.8972762
cmd,19.514000000000003,0,0,0,0.0,0.0,-0.03053375267212407,1791548623.9109232
cmd,19.534000000000002,0,0,0,0.0,0.0,-0.030545634297498764,1791548623.9308393
odom,19.52,1.5411641735633245e-12,3.640755587740372e-15,-0.7677347629145621,4.079530001848771e-14,3.9374125116218014e-14,-0.02968811031797364,1791548623.947086
cmd,19.554000000000002,0,0,0,0.0,0.0,-0.028688367610566222,1791548623.950972
cmd,19.574,0,0,0,0.0,0.0,-0.028699600037307045,1791548623.9708755
cmd,19.594,0,0,0,0.0,0.0,-0.028710832464047868,1791548623.9908192
odom,19.56,1.5434321146551763e-12,3.646744251474879e-15,-0.76888826358407,4.074159769663557e-14,3.9431574944931e-14,-0.03294837869948379,1791548623.9972172
cmd,19.614,0,0,0,0.0,0.0,-0.025503977651744173,1791548624.0108788
cmd,19.634,0,0,0,0.0,0.0,-0.025514517978083292,1791548624.0308874
odom,19.64,1.5479678549524732e-12,3.65908445381878e-15,-0.7714255075972645,4.0636692278324106e-14,3.952978258776522e-14,-0.03396927484375869,1791548624.0469868
cmd,19.654,0,0,0,0.0,0.0,-0.02059918308376829,1791548624.0508304
cmd,19.674,0,0,0,0.0,0.0,-0.02060820106369949,1791548624.0709715
cmd,19.694000000000003,0,0,0,0.0,0.0,-0.020617219043630695,1791548624.0908568
odom,19.68,1.5502356400279588e-12,3.662451669920975e-15,-0.7726626221458522,4.058913563069455e-14,3.9580088686817276e-14,-0.029190747081922565,1791548624.0971067
cmd,19.714000000000002,0,0,0,0.0,0.0,-0.020070759498457297,1791548624.111212
cmd,19.734,0,0,0,0.0,0.0,-0.02007944899521945,1791548624.1308513
odom,19.72,1.5525035019881598e-12,3.665987999739438e-15,-0.773776535402524,4.05493984628279e-14,3.961990289912378e-14,-0.028341508675960404,1791548624.146966
cmd,19.754,0,0,0,0.0,0.0,-0.018379245938545084,1791548624.1508408
cmd,19.774,0,0,0,0.0,0.0,-0.01838685330179313,1791548624.170857
cmd,19.794,0,0,0,0.0,0.0,-0.018394460665041176,1791548624.190962
odom,19.76,1.5547714885139854e-12,3.671596381371605e-15,-0.7748206391202554,4.0518464652517474e-14,3.966502071058366e-14,-0.02790380359799518,1791548624.1971934
cmd,19.814,0,0,0,0.0,0.0,-0.016674902606378942,1791548624.2109895
cmd,19.834,0,0,0,0.0,0.0,-0.01668223255244722,1791548624.2309597
odom,19.84,1.5593075700387266e-12,3.682026338365151e-15,-0.7765593824716506,4.044541800688217e-14,3.9729306927996383e-14,-0.02138297673337609,1791548624.247152
cmd,19.854000000000003,0,0,0,0.0,0.0,0.0,1791548624.2508316
cmd,19.874000000000002,0,0,0,0.0,0.0,0.0,1791548624.2708936
cmd,19.894000000000002,0,0,0,0.0,0.0,0.0,1791548624.2909186
odom,19.88,1.561575534199111e-12,3.686959973237258e-15,-0.7773460563177617,4.041669368523727e-14,3.975346664532689e-14,-0.021736065677856242,1791548624.2970653
cmd,19.914,0,0,0,0.0,0.0,0.0,1791548624.3109899
cmd,19.934,0,0,0,0.0,0.0,0.0,1791548624.3308537
odom,19.92,1.5634909849504813e-12,3.579089156266637e-15,-0.7779858733262731,2.3898855632544575e-14,2.352591625656587e-14,-0.01341529578076725,1791548624.347018
cmd,19.954,0,0,0,0.0,0.0,0.0,1791548624.3508468
cmd,19.974,0,0,0,0.0,0.0,0.0,1791548624.370847
cmd,19.994,0,0,0,0.0,0.0,0.0,1791548624.3908691
odom,19.96,1.5647678286089001e-12,3.563270423515211e-15,-0.7783234504830712,2.0868253338377562e-14,2.0550200670809878e-14,-0.0073256854779510956,1791548624.3972025
cmd,20.014000000000003,0,0,0,0.0,0.0,0.0,1791548624.410928
cmd,20.034000000000002,0,0,0,0.0,0.0,0.0,1791548624.4309077
odom,20.04,1.5670660131744362e-12,3.568088680296316e-15,-0.7784434639247472,2.0211090319756856e-14,1.9904065278821785e-14,-0.0013247532537056666,1791548624.4470682
cmd,20.054000000000002,0,0,0,0.0,0.0,0.0,1791548624.4509976
cmd,20.074,0,0,0,0.0,0.0,0.0,1791548624.4708347
cmd,20.094,0,0,0,0.0,0.0,0.0,1791548624.4908996
odom,20.08,1.568200450610278e-12,3.5724561339434695e-15,-0.7784438992904956,2.0192745055107e-14,1.9885619401125548e-14,-0.0029320297303245457,1791548624.4973724
cmd,20.114,0,0,0,0.0,0.0,0.0,1791548624.5110426
cmd,20.134,0,0,0,0.0,0.0,0.0,1791548624.5308585
odom,20.12,1.56933419550984e-12,3.576908808925171e-15,-0.7784871948011545,2.019087271765519e-14,1.9882516443400604e-14,-0.0034599278862186885,1791548624.5469625
cmd,20.154,0,0,0,0.0,0.0,0.0,1791548624.550876
cmd,20.174,0,0,0,0.0,0.0,0.0,1791548624.5708485
cmd,20.194000000000003,0,0,0,0.0,0.0,0.0,1791548624.590878
odom,20.16,1.5704678315033754e-12,3.581457268514016e-15,-0.7785902247692431,2.018980870483376e-14,1.9882187768717787e-14,-0.006146783685840739,1791548624.5972
cmd,20.214000000000002,0,0,0,0.0,0.0,0.0,1791548624.610932
cmd,20.234,0,0,0,0.0,0.0,0.0,1791548624.6308837
odom,20.24,1.572735012777659e-12,3.5901975639787575e-15,-0.7786341483283818,2.0189896229670542e-14,1.9881646564051914e-14,-0.0006385526901860322,1791548624.64698
cmd,20.254,0,0,0,0.0,0.0,0.0,1791548624.6508713
cmd,20.274,0,0,0,0.0,0.0,0.0,1791548624.6708803
cmd,20.294,0,0,0,0.0,0.0,0.0,1791548624.6908529
odom,20.28,1.5738686125267215e-12,3.594010923471038e-15,-0.7784504943703343,2.018942941009797e-14,1.9881728047089693e-14,0.006093162002749324,1791548624.6970503
cmd,20.314,0,0,0,0.0,0.0,0.0,1791548624.7109716
cmd,20.334,0,0,0,0.0,0.0,0.0,1791548624.7309172
odom,20.32,1.5750022027509666e-12,3.597595545467386e-15,-0.7782068419544309,2.018897229652965e-14,1.9881726410219476e-14,0.0024372753748103633,1791548624.7470207
cmd,20.354000000000003,0,0,0,0.0,0.0,0.0,1791548624.750852
cmd,20.374000000000002,0,0,0,0.0,0.0,0.0,1791548624.7708778
cmd,20.394000000000002,0,0,0,0.0,0.0,0.0,1791548624.790868
odom,20.36,1.5761357842274398e-12,3.6011181389298265e-15,-0.778059871305965,2.0188558938892567e-14,1.9881957526528945e-14,0.0016535992111533292,1791548624.7970548
cmd,20.414,0,0,0,0.0,0.0,0.0,1791548624.8111815
cmd,20.434,0,0,0,0.0,0.0,0.0,1791548624.8310316
odom,20.44,1.5784029392314725e-12,3.608032845923643e-15,-0.7779099377450578,2.0188207906804406e-14,1.9881891691571854e-14,-0.0021800587727442916,1791548624.8470862
cmd,20.454,0,0,0,0.0,0.0,0.0,1791548624.8508582
cmd,20.474,0,0,0,0.0,0.0,0.0,1791548624.8708649
cmd,20.494,0,0,0,0.0,0.0,0.0,1791548624.890882
odom,20.48,1.5795365234207355e-12,3.611568290062245e-15,-0.7779573993157037,2.018932054412556e-14,1.9881564657956972e-14,-0.0032169826732879213,1791548624.8970194
cmd,20.514000000000003,0,0,0,0.0,0.0,0.0,1791548624.910912
cmd,20.534000000000002,0,0,0,0.0,0.0,0.0,1791548624.9308696
odom,20.52,1.5806701173246049e-12,3.61505110999214e-15,-0.7780073487873187,2.018949294475622e-14,1.9881306626280274e-14,-0.002300277465461116,1791548624.94705
cmd,20.554000000000002,0,0,0,0.0,0.0,0.0,1791548624.950908
cmd,20.574,0,0,0,0.0,0.0,0.0,1791548624.970857
cmd,20.594,0,0,0,0.0,0.0,0.0,1791548624.9908588
odom,20.56,1.5818037118389683e-12,3.618481226526041e-15,-0.778031980445304,2.0189486088310462e-14,1.9881742085504234e-14,-0.001998797433377865,1791548624.9971492
cmd,20.614,0,0,0,0.0,0.0,0.0,1791548625.0108883
cmd,20.634,0,0,0,0.0,0.0,0.0,1791548625.0308874
odom,20.64,1.5840709544744993e-12,3.625437102723337e-15,-0.7781863280904505,2.0189986752610787e-14,1.9881544759705855e-14,-0.0017103781837982807,1791548625.046995
cmd,20.654,0,0,0,0.0,0.0,0.0,1791548625.0508697
cmd,20.674000000000003,0,0,0,0.0,0.0,0.0,1791548625.070904
cmd,20.694000000000003,0,0,0,0.0,0.0,0.0,1791548625.0908463
odom,20.68,1.5852045620465666e-12,3.628868060869985e-15,-0.7782217745244693,2.018964360172051e-14,1.9881614514347798e-14,-0.0034795263876282443,1791548625.097196
cmd,20.714000000000002,0,0,0,0.0,0.0,0.0,1791548625.1109452
cmd,20.734,0,0,0,0.0,0.0,0.0,1791548625.1308901
odom,20.72,1.586338189573817e-12,3.6323447563564165e-15,-0.7783026686973579,2.019120144972688e-14,1.9881722272720968e-14,-0.0040603285004876385,1791548625.1471038
cmd,20.754,0,0,0,0.0,0.0,0.0,1791548625.1509225
cmd,20.774,0,0,0,0.0,0.0,0.0,1791548625.1708753
cmd,20.794,0,0,0,0.0,0.0,0.0,1791548625.1909041
odom,20.76,1.5874718076978174e-12,3.635754552782317e-15,-0.7783573551545372,2.0188884261082215e-14,1.988170870547698e-14,-0.0021556363587591156,1791548625.1973124
cmd,20.814,0,0,0,0.0,0.0,0.0,1791548625.2108834
cmd,20.834,0,0,0,0.0,0.0,0.0,1791548625.230897
odom,20.84,1.5897390001757675e-12,3.642496728330672e-15,-0.7784024188711411,2.018944563507891e-14,1.9881454962597056e-14,-0.004256732124432033,1791548625.247094
cmd,20.854000000000003,0,0,0,0.0,0.0,0.0,1791548625.2509744
cmd,20.874000000000002,0,0,0,0.0,0.0,0.0,1791548625.270872
cmd,20.894000000000002,0,0,0,0.0,0.0,0.0,1791548625.2908578
odom,20.88,1.5908725864008306e-12,3.645960574691409e-15,-0.7785066835185246,2.018876634939876e-14,1.9881654104822684e-14,-0.004733167682644823,1791548625.2970312
cmd,20.914,0,0,0,0.0,0.0,0.0,1791548625.3109536
cmd,20.934,0,0,0,0.0,0.0,0.0,1791548625.3309333
odom,20.92,1.5920061934761849e-12,3.649443691147803e-15,-0.778620318466539,2.0190752837999626e-14,1.9881351058220714e-14,-0.004888858484524816,1791548625.3471363
cmd,20.954,0,0,0,0.0,0.0,0.0,1791548625.3508894
cmd,20.974,0,0,0,0.0,0.0,0.0,1791548625.3709707
cmd,20.994,0,0,0,0.0,0.0,0.0,1791548625.3908641
odom,20.96,1.5931398038027358e-12,3.6528912498326375e-15,-0.7787268089418756,2.018946740992967e-14,1.9881415158646782e-14,-0.004520128250660442,1791548625.397236
cmd,21.014000000000003,0,0,0,0.0,0.0,0.0,1791548625.4108746
cmd,21.034000000000002,0,0,0,0.0,0.0,0.0,1791548625.4308727
odom,21.04,1.5954069854659183e-12,3.659645273048899e-15,-0.7788192377302042,2.018915618891964e-14,1.9881261700081214e-14,-0.0004492113164378886,1791548625.4469888
cmd,21.054000000000002,0,0,0,0.0,0.0,0.0,1791548625.4509966
cmd,21.074,0,0,0,0.0,0.0,0.0,1791548625.4708736
cmd,21.094,0,0,0,0.0,0.0,0.0,1791548625.4908462
odom,21.08,1.5965405761459013e-12,3.6627913108135825e-15,-0.7787333336705452,2.0189613571024972e-14,1.9881543862866843e-14,0.0007103023826879088,1791548625.4970667
cmd,21.114,0,0,0,0.0,0.0,0.0,1791548625.5110474
cmd,21.134,0,0,0,0.0,0.0,0.0,1791548625.5308926
odom,21.12,1.5976741866304441e-12,3.665917554383022e-15,-0.7786747135729283,2.0190009847025862e-14,1.988172513198341e-14,-0.0018422817483068968,1791548625.5469522
cmd,21.154,0,0,0,0.0,0.0,0.0,1791548625.5509
cmd,21.174000000000003,0,0,0,0.0,0.0,0.0,1791548625.5708897
cmd,21.194000000000003,0,0,0,0.0,0.0,0.0,1791548625.5909333
odom,21.16,1.598807786783485e-12,3.668994245541169e-15,-0.778630230457492,2.0188705133208905e-14,1.9881571485261195e-14,0.000251639696468221,1791548625.5971353
cmd,21.214000000000002,0,0,0,0.0,0.0,0.0,1791548625.611045
cmd,21.234,0,0,0,0.0,0.0,0.0,1791548625.6309748
odom,21.24,1.6010750211455737e-12,3.674944403062186e-15,-0.7785184436966911,2.0190928679475626e-14,1.988119156157777e-14,0.00187709104494971,1791548625.646947
cmd,21.254,0,0,0,0.0,0.0,0.0,1791548625.6509004
cmd,21.274,0,0,0,0.0,0.0,0.0,1791548625.6708791
cmd,21.294,0,0,0,0.0,0.0,0.0,1791548625.690862
odom,21.28,1.6022086381804022e-12,3.677887457992193e-15,-0.7784913983512567,2.0189807230239664e-14,1.988125759104023e-14,-0.004393460953065748,1791548625.697013
cmd,21.314,0,0,0,0.0,0.0,0.0,1791548625.7108746
cmd,21.334,0,0,0,0.0,0.0,0.0,1791548625.730892
odom,21.32,1.6033422403340837e-12,3.681046900977146e-15,-0.7786296547844169,2.0189722277476544e-14,1.988134525559083e-14,-0.006453232853463895,1791548625.746983
cmd,21.354000000000003,0,0,0,0.0,0.0,0.0,1791548625.750918
cmd,21.374000000000002,0,0,0,0.0,0.0,0.0,1791548625.7708871
cmd,21.394000000000002,0,0,0,0.0,0.0,0.0,1791548625.7909262
odom,21.36,1.6044758662002815e-12,3.6841724417194995e-15,-0.778755067168043,2.0191483438314108e-14,1.9881019631814822e-14,-0.003776973103653505,1791548625.797201
cmd,21.414,0,0,0,0.0,0.0,0.0,1791548625.810909
cmd,21.434,0,0,0,0.0,0.0,0.0,1791548625.830896
odom,21.44,1.606743077996241e-12,3.690253616945278e-15,-0.7788685635812859,2.019016598308916e-14,1.98812838183356e-14,-0.0010629183277388373,1791548625.8470814
cmd,21.454,0,0,0,0.0,0.0,0.0,1791548625.8509223
cmd,21.474,0,0,0,0.0,0.0,0.0,1791548625.870874
cmd,21.494,0,0,0,0.0,0.0,0.0,1791548625.890871
odom,21.48,1.6078766975404499e-12,3.693103832380065e-15,-0.7788064334173157,2.019051812135107e-14,1.988130228228241e-14,9.015907783718128e-05,1791548625.897216
cmd,21.514000000000003,0,0,0,0.0,0.0,0.0,1791548625.9108996
cmd,21.534000000000002,0,0,0,0.0,0.0,0.0,1791548625.9309032
odom,21.52,1.6090103330176395e-12,3.695910595946423e-15,-0.7787474311916984,2.0191138986646355e-14,1.9881441346781262e-14,-0.0012074550077509007,1791548625.9469879
cmd,21.554000000000002,0,0,0,0.0,0.0,0.0,1791548625.9508839
cmd,21.574,0,0,0,0.0,0.0,0.0,1791548625.970949
cmd,21.594,0,0,0,0.0,0.0,0.0,1791548625.9909286
odom,21.56,1.6101439615428516e-12,3.698804541989981e-15,-0.778779177257877,2.018999370971324e-14,1.9881253813038474e-14,-0.0045668742370058,1791548625.9970741
cmd,21.614,0,0,0,0.0,0.0,0.0,1791548626.0109177
cmd,21.634,0,0,0,0.0,0.0,0.0,1791548626.0308945
odom,21.64,1.6124111711754534e-12,3.704806583497609e-15,-0.7789953179369795,2.0189535516974922e-14,1.988123996769208e-14,-0.0035176485981293984,1791548626.0469718
cmd,21.654,0,0,0,0.0,0.0,0.0,1791548626.0508795
cmd,21.674000000000003,0,0,0,0.0,0.0,0.0,1791548626.070895
cmd,21.694000000000003,0,0,0,0.0,0.0,0.0,1791548626.0909243
odom,21.68,1.6135447742849465e-12,3.707583401160726e-15,-0.7789470582933338,2.0190054168490967e-14,1.9881169685394793e-14,0.0017986802736760258,1791548626.0970619
cmd,21.714000000000002,0,0,0,0.0,0.0,0.0,1791548626.1109486
cmd,21.734,0,0,0,0.0,0.0,0.0,1791548626.1308944
odom,21.72,1.6146783753704634e-12,3.710431316295539e-15,-0.7789567868013343,2.0189493162703382e-14,1.9881252245681744e-14,-0.006929709274385836,1791548626.1470578
cmd,21.754,0,0,0,0.0,0.0,0.0,1791548626.1508615
cmd,21.774,0,0,0,0.0,0.0,0.0,1791548626.1709151
cmd,21.794,0,0,0,0.0,0.0,0.0,1791548626.1909175
odom,21.76,1.6158119925309778e-12,3.7135564095671924e-15,-0.7791950992046819,2.019099365433473e-14,1.9881285611138544e-14,-0.009796475407290698,1791548626.197098
cmd,21.814,0,0,0,0.0,0.0,0.0,1791548626.2108815
cmd,21.834,0,0,0,0.0,0.0,0.0,1791548626.230892
odom,21.84,1.6180792597197019e-12,3.719366142196127e-15,-0.779358121359039,2.0190361190598136e-14,1.9881143219689986e-14,-0.0007438104709508945,1791548626.2470782
cmd,21.854000000000003,0,0,0,0.0,0.0,0.0,1791548626.250954
cmd,21.874000000000002,0,0,0,0.0,0.0,0.0,1791548626.270927
cmd,21.894000000000002,0,0,0,0.0,0.0,0.0,1791548626.2908766
odom,21.88,1.619212865354854e-12,3.722053829862498e-15,-0.7792732589782689,2.0189523166039018e-14,1.9881283101049405e-14,0.00019875691462723443,1791548626.2970264
cmd,21.914,0,0,0,0.0,0.0,0.0,1791548626.3109255
cmd,21.934,0,0,0,0.0,0.0,0.0,1791548626.3309374
odom,21.92,1.6203464814985882e-12,3.724814030165349e-15,-0.779260359689733,2.0190853672974823e-14,1.98811960567706e-14,-0.004519916539525852,1791548626.3469543
cmd,21.954,0,0,0,0.0,0.0,0.0,1791548626.3509066
cmd,21.974,0,0,0,0.0,0.0,0.0,1791548626.3709087
cmd,21.994,0,0,0,0.0,0.0,0.0,1791548626.3909173
odom,21.96,1.6214801087749892e-12,3.727534720619298e-15,-0.7792697991261396,2.0190548039356295e-14,1.9881044448853466e-14,-0.0006232946859938422,1791548626.3969963
cmd,22.014000000000003,0,0,0,0.0,0.0,0.0,1791548626.4109948
cmd,22.034000000000002,0,0,0,0.0,0.0,0.0,1791548626.4308975
odom,22.04,1.6237473508889456e-12,3.732609983597486e-15,-0.7790454135523354,2.01898167477473e-14,1.9881228166663892e-14,0.0014952570606437297,1791548626.4470859
cmd,22.054000000000002,0,0,0,0.0,0.0,0.0,1791548626.4509392
cmd,22.074,0,0,0,0.0,0.0,0.0,1791548626.470918
cmd,22.094,0,0,0,0.0,0.0,0.0,1791548626.490913
odom,22.08,1.6248809787747392e-12,3.735086408482576e-15,-0.7789274224807383,2.0191284106180286e-14,1.988123370790446e-14,9.382843491796493e-05,1791548626.4970794
cmd,22.114,0,0,0,0.0,0.0,0.0,1791548626.5109398
cmd,22.134,0,0,0,0.0,0.0,0.0,1791548626.5309062
odom,22.12,1.6260146014469617e-12,3.7375362717087e-15,-0.7788341800849947,2.0189628924619823e-14,1.9881095076429825e-14,0.000470550994424236,1791548626.54726
cmd,22.154,0,0,0,0.0,0.0,0.0,1791548626.5509107
cmd,22.174000000000003,0,0,0,0.0,0.0,0.0,1791548626.5708838
cmd,22.194000000000003,0,0,0,0.0,0.0,0.0,1791548626.5909142
odom,22.16,1.627148226113083e-12,3.739926912570595e-15,-0.7787104647983075,2.0191411540576015e-14,1.9881117011723808e-14,0.0018504716255811765,1791548626.59704
cmd,22.214000000000002,0,0,0,0.0,0.0,0.0,1791548626.6109521
cmd,22.234,0,0,0,0.0,0.0,0.0,1791548626.6309361
odom,22.24,1.6294155184621831e-12,3.7446311888548e-15,-0.7785233786314341,2.019231965651999e-14,1.988112796182729e-14,-0.0003324815559057489,1791548626.647006
cmd,22.254,0,0,0,0.0,0.0,0.0,1791548626.6510031
cmd,22.274,0,0,0,0.0,0.0,0.0,1791548626.6709158
cmd,22.294,0,0,0,0.0,0.0,0.0,1791548626.6909227
odom,22.28,1.6305491865298956e-12,3.746866732703711e-15,-0.7783990249940631,2.0191754914359717e-14,1.9881113340571323e-14,0.003260181852320773,1791548626.697036
cmd,22.314,0,0,0,0.0,0.0,0.0,1791548626.7109942
cmd,22.334,0,0,0,0.0,0.0,0.0,1791548626.7309325
odom,22.32,1.63168285515756e-12,3.7490696592135404e-15,-0.7782626603224597,2.0192324109249197e-14,1.988108300710923e-14,0.0002495825008380485,1791548626.7470717
cmd,22.354000000000003,0,0,0,0.0,0.0,0.0,1791548626.7509942
cmd,22.374000000000002,0,0,0,0.0,0.0,0.012,1791548626.7709274
cmd,22.394000000000002,0,0,0,0.0,0.0,0.024,1791548626.7909522
odom,22.36,1.6328165032816532e-12,3.751370351244802e-15,-0.7782251110616714,2.0190434218643296e-14,1.9881136184472715e-14,-0.001578251176631509,1791548626.7972424
cmd,22.414,0,0,0,0.0,0.0,0.036000000000000004,1791548626.8109422
cmd,22.434,0,0,0,0.0,0.0,0.048,1791548626.8309133
odom,22.44,1.6354728044711254e-12,3.853924465566752e-15,-0.778106758820182,3.6741720131287226e-14,3.6084816347710203e-14,0.006012206757534109,1791548626.847043
cmd,22.454,0,0,0,0.0,0.0,0.06,1791548626.8509388
cmd,22.474,0,0,0,0.0,0.0,0.072,1791548626.8708935
cmd,22.494,0,0,0,0.0,0.0,0.08399999999999999,1791548626.890923
odom,22.48,1.637604978577297e-12,3.869854186480668e-15,-0.77741163000309,3.9849497860441775e-14,3.898493485433151e-14,0.025896444417904486,1791548626.8970554
cmd,22.514000000000003,0,0,0,0.0,0.0,0.09599999999999999,1791548626.9109335
cmd,22.534000000000002,0,0,0,0.0,0.0,0.10799999999999998,1791548626.930916
odom,22.52,1.6398491545909637e-12,3.867783893505953e-15,-0.7758290729629538,4.05277144113514e-14,3.9412445907888834e-14,0.04962522730888797,1791548626.947002
cmd,22.554000000000002,0,0,0,0.0,0.0,0.11999999999999998,1791548626.9508827
cmd,22.574,0,0,0,0.0,0.0,0.13199999999999998,1791548626.9709177
cmd,22.594,0,0,0,0.0,0.0,0.144,1791548626.9908986
odom,22.56,1.6421143565375493e-12,3.8595340223849986e-15,-0.7732839517326227,4.080630076316866e-14,3.9345131758362795e-14,0.07294228022440344,1791548626.9972177
cmd,22.614,0,0,0,0.0,0.0,0.156,1791548627.010928
cmd,22.634,0,0,0,0.0,0.0,0.168,1791548627.030933
odom,22.64,1.6466550994973896e-12,3.830537401661671e-15,-0.7650264553023914,4.1308175622998094e-14,3.890843339263251e-14,0.12762471303001488,1791548627.046977
cmd,22.654,0,0,0,0.0,0.0,0.18000000000000002,1791548627.050937
cmd,22.674000000000003,0,0,0,0.0,0.0,0.19200000000000003,1791548627.071006
cmd,22.694000000000003,0,0,0,0.0,0.0,0.20400000000000004,1791548627.0909383
odom,22.68,1.6489272834156032e-12,3.810058128414365e-15,-0.7593058345459913,4.1618973146099424e-14,3.860751326472235e-14,0.1501618150560308,1791548627.0970056
cmd,22.714000000000002,0,0,0,0.0,0.0,0.21600000000000005,1791548627.11098
cmd,22.734,0,0,0,0.0,0.0,0.22800000000000006,1791548627.1309428
odom,22.72,1.6512004315131126e-12,3.785607964189969e-15,-0.7526140546121746,4.1966233077732656e-14,3.82586569363982e-14,0.17476466809563068,1791548627.1469722
cmd,22.754,0,0,0,0.0,0.0,0.24000000000000007,1791548627.150944
cmd,22.774,0,0,0,0.0,0.0,0.25200000000000006,1791548627.1709347
cmd,22.794,0,0,0,0.0,0.0,0.26400000000000007,1791548627.1908867
odom,22.76,1.6534746829424765e-12,3.770668275457885e-15,-0.7443835983133194,4.2365530813160254e-14,3.785792624206982e-14,0.21059565640723327,1791548627.197205
cmd,22.814,0,0,0,0.0,0.0,0.2760000000000001,1791548627.2109268
cmd,22.834000000000003,0,0,0,0.0,0.0,0.2880000000000001,1791548627.2309532
odom,22.84,1.6580272082217582e-12,3.700373176968832e-15,-0.725462490744344,4.327519339497569e-14,3.69198962354545e-14,0.25142476919239704,1791548627.2470682
cmd,22.854000000000003,0,0,0,0.0,0.0,0.3000000000000001,1791548627.250918
cmd,22.874000000000002,0,0,0,0.0,0.0,0.3120000000000001,1791548627.270903
cmd,22.894000000000002,0,0,0,0.0,0.0,0.3240000000000001,1791548627.2910345
odom,22.88,1.6603055756181504e-12,3.658859462398436e-15,-0.7144838961240203,4.378362112611111e-14,3.636859236040831e-14,0.28185303559265795,1791548627.297023
cmd,22.914,0,0,0,0.0,0.0,0.33600000000000013,1791548627.3109443
cmd,22.934,0,0,0,0.0,0.0,0.34800000000000014,1791548627.3309462
odom,22.92,1.6625854944720187e-12,3.612695969278993e-15,-0.702386670120721,4.433492245328183e-14,3.576633803810704e-14,0.3048591325385285,1791548627.3470259
cmd,22.954,0,0,0,0.0,0.0,0.36000000000000015,1791548627.3509002
cmd,22.974,0,0,0,0.0,0.0,0.37200000000000016,1791548627.37097
cmd,22.994,0,0,0,0.0,0.0,0.3840000000000002,1791548627.3909538
odom,22.96,1.6648672748863865e-12,3.562029110307454e-15,-0.6892836437324066,4.492129674206255e-14,3.510938906266897e-14,0.32961676633902937,1791548627.3972342
cmd,23.014000000000003,0,0,0,0.0,0.0,0.3960000000000002,1791548627.4110396
cmd,23.034000000000002,0,0,0,0.0,0.0,0.4080000000000002,1791548627.4309158
odom,23.04,1.6694368645596696e-12,3.4738815140885273e-15,-0.658875965161502,4.6181709046687786e-14,3.362158699390209e-14,0.3928854869396265,1791548627.4470108
cmd,23.054000000000002,0,0,0,0.0,0.0,0.4200000000000002,1791548627.450952
cmd,23.074,0,0,0,0.0,0.0,0.4320000000000002,1791548627.4709456
cmd,23.094,0,0,0,0.0,0.0,0.44400000000000023,1791548627.4909358
odom,23.08,1.6717251799080205e-12,3.4384799263138954e-15,-0.6411907553743998,4.6851843937025505e-14,3.2786313101374066e-14,0.42492999559042743,1791548627.4971554
cmd,23.114,0,0,0,0.0,0.0,0.45600000000000024,1791548627.5109305
cmd,23.134,0,0,0,0.0,0.0,0.46800000000000025,1791548627.5309114
odom,23.12,1.6740155578275841e-12,3.3694986998301944e-15,-0.6232864251463958,4.7541641901002235e-14,3.189162209405403e-14,0.44203330484431813,1791548627.5469751
cmd,23.154,0,0,0,0.0,0.0,0.48000000000000026,1791548627.5509448
cmd,23.174000000000003,0,0,0,0.0,0.0,0.49200000000000027,1791548627.5709436
cmd,23.194000000000003,0,0,0,0.0,0.0,0.5040000000000002,1791548627.5909138
odom,23.16,1.6763083814547262e-12,3.2967074518671043e-15,-0.6045197081018564,4.825091845565197e-14,3.093841626438337e-14,0.46484888329481516,1791548627.5972357
cmd,23.214000000000002,0,0,0,0.0,0.0,0.5160000000000002,1791548627.6110513
cmd,23.234,0,0,0,0.0,0.0,0.5280000000000002,1791548627.6309638
odom,23.24,1.6809031847750026e-12,3.1762051411148436e-15,-0.5623270451835167,4.974450430085342e-14,2.882542931053414e-14,0.5277222494110357,1791548627.6470845
cmd,23.254,0,0,0,0.0,0.0,0.5400000000000003,1791548627.6509495
cmd,23.274,0,0,0,0.0,0.0,0.5520000000000003,1791548627.670943
cmd,23.294,0,0,0,0.0,0.0,0.5640000000000003,1791548627.6909232
odom,23.28,1.68320594543599e-12,3.1309373071525806e-15,-0.5385470065178977,5.04961926798154e-14,2.7673125604775328e-14,0.554813246888525,1791548627.6970673
cmd,23.314,0,0,0,0.0,0.0,0.5760000000000003,1791548627.7112772
cmd,23.334000000000003,0,0,0,0.0,0.0,0.5880000000000003,1791548627.7309709
odom,23.32,1.6855122707345574e-12,3.084714598146671e-15,-0.5135489684980494,5.1259901483685596e-14,2.6445921993677008e-14,0.582161704766048,1791548627.746989
cmd,23.354000000000003,0,0,0,0.0,0.0,0.6,1791548627.7509584
cmd,23.374000000000002,0,0,0,0.0,0.0,0.6,1791548627.7709606
cmd,23.394000000000002,0,0,0,0.0,0.0,0.6,1791548627.7909622
odom,23.36,1.6878215214487331e-12,2.992329761359969e-15,-0.4892139035070229,5.202127913638147e-14,2.51505616000773e-14,0.5976721140659937,1791548627.7970862
cmd,23.414,0,0,0,0.0,0.0,0.6,1791548627.8109195
cmd,23.434,0,0,0,0.0,0.0,0.6,1791548627.830967
odom,23.44,1.6924505962518686e-12,2.8473403804458785e-15,-0.4359442023005671,5.3406213596754175e-14,2.238031950248282e-14,0.6373688947053149,1791548627.8469572
cmd,23.454,0,0,0,0.0,0.0,0.588,1791548627.8509555
cmd,23.474,0,0,0,0.0,0.0,0.576,1791548627.870959
cmd,23.494,0,0,0,0.0,0.0,0.564,1791548627.8909364
odom,23.48,1.6947664485979713e-12,2.7505175552363416e-15,-0.4093589498544863,5.401581413774259e-14,2.096730813895516e-14,0.6472536839780882,1791548627.896999
cmd,23.514000000000003,0,0,0,0.0,0.0,0.5519999999999999,1791548627.911142
cmd,23.534000000000002,0,0,0,0.0,0.0,0.5399999999999999,1791548627.931034
odom,23.52,1.6970814329270835e-12,2.6560054073668083e-15,-0.3826245056818278,5.4458679273129356e-14,1.9574383819642032e-14,0.6404392665440362,1791548627.946988
cmd,23.554000000000002,0,0,0,0.0,0.0,0.5279999999999999,1791548627.95094
cmd,23.574,0,0,0,0.0,0.0,0.5159999999999999,1791548627.9709187
cmd,23.594,0,0,0,0.0,0.0,0.5039999999999999,1791548627.990949
odom,23.56,1.6993942959322494e-12,2.6127409467484997e-15,-0.3545951288771016,5.4830150811003754e-14,1.823503059976607e-14,0.6086173969189751,1791548627.9973233
cmd,23.614,0,0,0,0.0,0.0,0.4919999999999999,1791548628.0109959
cmd,23.634,0,0,0,0.0,0.0,0.47999999999999987,1791548628.0309453
odom,23.64,1.7040096021600934e-12,2.5414179579771545e-15,-0.3025925025313754,5.543437667622542e-14,1.5686243369167673e-14,0.5554819973630121,1791548628.0470579
cmd,23.654,0,0,0,0.0,0.0,0.46799999999999986,1791548628.0509691
cmd,23.674000000000003,0,0,0,0.0,0.0,0.45599999999999985,1791548628.0709603
cmd,23.694000000000003,0,0,0,0.0,0.0,0.44399999999999984,1791548628.0909443
odom,23.68,1.706312213048376e-12,2.5123100129405453e-15,-0.27850197100722385,5.568030079614699e-14,1.4492495649250014e-14,0.5282283317928771,1791548628.0972316
cmd,23.714000000000002,0,0,0,0.0,0.0,0.43199999999999983,1791548628.1110132
cmd,23.734,0,0,0,0.0,0.0,0.4199999999999998,1791548628.13098
odom,23.72,1.7086107205798977e-12,2.4465638716170238e-15,-0.25720617798535367,5.589774130531855e-14,1.333026116056907e-14,0.5123925529099292,1791548628.1470337
cmd,23.754,0,0,0,0.0,0.0,0.4079999999999998,1791548628.1509511
cmd,23.774,0,0,0,0.0,0.0,0.3959999999999998,1791548628.1709616
cmd,23.794,0,0,0,0.0,0.0,0.3839999999999998,1791548628.190913
odom,23.76,1.7109071486998918e-12,2.4226261228434503e-15,-0.23527743914889362,5.606233899276872e-14,1.2241833788854457e-14,0.4788258437623149,1791548628.1972103
cmd,23.814,0,0,0,0.0,0.0,0.3719999999999998,1791548628.211156
cmd,23.834000000000003,0,0,0,0.0,0.0,0.35999999999999976,1791548628.2309694
odom,23.84,1.7154906504425107e-12,2.384403688857623e-15,-0.1956786422883492,5.632026139355655e-14,1.0223636288658038e-14,0.4243926803066346,1791548628.2470152
cmd,23.854000000000003,0,0,0,0.0,0.0,0.34799999999999975,1791548628.2509873
cmd,23.874000000000002,0,0,0,0.0,0.0,0.33599999999999974,1791548628.2709575
cmd,23.894000000000002,0,0,0,0.0,0.0,0.32399999999999973,1791548628.290917
odom,23.88,1.7177782451501017e-12,2.368876674956682e-15,-0.17773080504898697,5.6416483115658756e-14,9.304760443036599e-15,0.39745552408779794,1791548628.2970774
cmd,23.914,0,0,0,0.0,0.0,0.3119999999999997,1791548628.3110814
cmd,23.934,0,0,0,0.0,0.0,0.2999999999999997,1791548628.3309612
odom,23.92,1.7200624814363964e-12,2.3247229641749165e-15,-0.16196470340375638,5.648402042651357e-14,8.440102782218183e-15,0.38176651145522594,1791548628.3470953
cmd,23.954,0,0,0,0.0,0.0,0.2879999999999997,1791548628.3509583
cmd,23.974,0,0,0,0.0,0.0,0.2759999999999997,1791548628.3709562
cmd,23.994,0,0,0,0.0,0.0,0.2639999999999997,1791548628.3909636
odom,23.96,1.7223449415478767e-12,2.3120283019686637e-15,-0.1460302159799212,5.6544029787451784e-14,7.633007703231248e-15,0.352820136376971,1791548628.3971167
cmd,24.014000000000003,0,0,0,0.0,0.0,0.25199999999999967,1791548628.4110453
cmd,24.034000000000002,0,0,0,0.0,0.0,0.23999999999999966,1791548628.4309325
odom,24.04,1.7269024326751922e-12,2.2394508361153858e-15,-0.11902563434335624,5.6613187416957106e-14,6.200260404589669e-15,0.31183131008565357,1791548628.447048
cmd,24.054000000000002,0,0,0,0.0,0.0,0.22799999999999965,1791548628.4509737
cmd,24.074,0,0,0,0.0,0.0,0.21599999999999964,1791548628.470982
cmd,24.094,0,0,0,0.0,0.0,0.20399999999999963,1791548628.4909585
odom,24.08,1.7291782573601664e-12,2.207923721065732e-15,-0.10698436189563276,5.6633490991152796e-14,5.573721187777673e-15,0.2844433970444024,1791548628.4971492
cmd,24.114,0,0,0,0.0,0.0,0.19199999999999962,1791548628.5109935
cmd,24.134,0,0,0,0.0,0.0,0.1799999999999996,1791548628.5309713
odom,24.12,1.7314529012200576e-12,2.2001152823596116e-15,-0.09555145465195737,5.664628927836862e-14,5.010976576781684e-15,0.2491057731334497,1791548628.5469768
cmd,24.154,0,0,0,0.0,0.0,0.1679999999999996,1791548628.5509725
cmd,24.174000000000003,0,0,0,0.0,0.0,0.15599999999999958,1791548628.5709627
cmd,24.194000000000003,0,0,0,0.0,0.0,0.14399999999999957,1791548628.5909703
odom,24.16,1.733725801030296e-12,2.1757282667636262e-15,-0.08589021790419292,5.665544359910526e-14,4.508684437506768e-15,0.23070292101491585,1791548628.5970745
cmd,24.214000000000002,0,0,0,0.0,0.0,0.13199999999999956,1791548628.6109383
cmd,24.234,0,0,0,0.0,0.0,0.11999999999999957,1791548628.6309555
odom,24.24,1.7382679800637324e-12,2.134717329713334e-15,-0.06914716906119178,5.6658668076371803e-14,3.678857489875923e-15,0.1836047610130226,1791548628.6469338
cmd,24.254,0,0,0,0.0,0.0,0.10799999999999957,1791548628.6509676
cmd,24.274,0,0,0,0.0,0.0,0.09599999999999957,1791548628.6709611
cmd,24.294,0,0,0,0.0,0.0,0.08399999999999958,1791548628.6909702
odom,24.28,1.7405377670314665e-12,2.1186752070374794e-15,-0.062299721648129136,5.6649790667568306e-14,3.3585011181641545e-15,0.1580204420627616,1791548628.6970706
cmd,24.314,0,0,0,0.0,0.0,0.07199999999999958,1791548628.7109544
cmd,24.334000000000003,0,0,0,0.0,0.0,0.060764163060773084,1791548628.7309911
odom,24.32,1.7428069177955414e-12,2.11510504172624e-15,-0.05647490600114891,5.6648734073163123e-14,3.0939724537818347e-15,0.12030172784298786,1791548628.7470012
cmd,24.354000000000003,0,0,0,0.0,0.0,0.06351429543027909,1791548628.750924
cmd,24.374000000000002,0,0,0,0.0,0.0,0.06354754598742868,1791548628.770972
cmd,24.394000000000002,0,0,0,0.0,0.0,0.0635807965445783,1791548628.790962
odom,24.36,1.745075557648547e-12,2.1128939603136933e-15,-0.05207791223610947,5.664344272527441e-14,2.896371720642157e-15,0.09070703753712593,1791548628.7970119
cmd,24.414,0,0,0,0.0,0.0,0.06605496173544953,1791548628.811061
cmd,24.434,0,0,0,0.0,0.0,0.06608557409634011,1791548628.8309488
odom,24.44,1.7496117121750832e-12,2.1054947076945688e-15,-0.04559506363446043,5.665477597591485e-14,2.5648934713897784e-15,0.07253895192045541,1791548628.8471887
cmd,24.454,0,0,0,0.0,0.0,0.0608019992309361,1791548628.8509314
cmd,24.474,0,0,0,0.0,0.0,0.06082872188266569,1791548628.8709579
cmd,24.494,0,0,0,0.0,0.0,0.06085544453439527,1791548628.890936
odom,24.48,1.7518798059616232e-12,2.1057325480815612e-15,-0.04267486710180579,5.665987042577838e-14,2.392326734160965e-15,0.06832131523892207,1791548628.8972132
cmd,24.514000000000003,0,0,0,0.0,0.0,0.05710023414796357,1791548628.9109423
cmd,24.534000000000002,0,0,0,0.0,0.0,0.05712520468177357,1791548628.9309344
odom,24.52,1.7541477348378019e-12,2.1001140819370596e-15,-0.040033058733434775,5.666194293535652e-14,2.2365344098685695e-15,0.06544387481207688,1791548628.947193
cmd,24.554000000000002,0,0,0,0.0,0.0,0.05340043921689052,1791548628.9509778
cmd,24.574,0,0,0,0.0,0.0,0.0534238246656795,1791548628.9709358
cmd,24.594,0,0,0,0.0,0.0,0.053447210114468464,1791548628.9909732
odom,24.56,1.7564157208261743e-12,2.100427382436101e-15,-0.03738952371243176,5.667026403657186e-14,2.0923218345744735e-15,0.061800208129568976,1791548628.9971879
cmd,24.614,0,0,0,0.0,0.0,0.049985929743317156,1791548629.0109675
cmd,24.634,0,0,0,0.0,0.0,0.05000772907109352,1791548629.030935
odom,24.64,1.7609512780444185e-12,2.095835961983985e-15,-0.03254773255244814,5.6670784917937726e-14,1.8081411776881627e-15,0.0575836639164651,1791548629.0469875
cmd,24.654,0,0,0,0.0,0.0,0.04278718971078977,1791548629.050962
cmd,24.674000000000003,0,0,0,0.0,0.0,0.04280608396387014,1791548629.070932
cmd,24.694000000000003,0,0,0,0.0,0.0,0.04282497821695052,1791548629.0909822
odom,24.68,1.7632189300714244e-12,2.0961158700913116e-15,-0.03023025169657778,5.6671898839115496e-14,1.6793053899049664e-15,0.05388008051075945,1791548629.096984
cmd,24.714000000000002,0,0,0,0.0,0.0,0.03996639544471933,1791548629.1112359
cmd,24.734,0,0,0,0.0,0.0,0.039984774397514536,1791548629.1309447
odom,24.72,1.765486470021618e-12,2.092189366618015e-15,-0.02814643929146321,5.6672107536945924e-14,1.569515291029964e-15,0.050631924362809846,1791548629.1470616
cmd,24.754,0,0,0,0.0,0.0,0.037387020197214474,1791548629.1509712
cmd,24.774,0,0,0,0.0,0.0,0.03740327367433827,1791548629.1709874
cmd,24.794,0,0,0,0.0,0.0,0.037419527151462045,1791548629.190984
odom,24.76,1.767753881643119e-12,2.088508867598934e-15,-0.02619095753224565,5.667186677314712e-14,1.4578324181491596e-15,0.047512784372971927,1791548629.1971812
cmd,24.814,0,0,0,0.0,0.0,0.03500643916938196,1791548629.2109606
cmd,24.834000000000003,0,0,0,0.0,0.0,0.035021519357450216,1791548629.2309325
odom,24.84,1.7722890074753034e-12,2.0825786724195905e-15,-0.022831574324591042,5.668361129092748e-14,1.2746638923946133e-15,0.03753966973010044,1791548629.2470658
cmd,24.854000000000003,0,0,0,0.0,0.0,0.0324782842668206,1791548629.2510123
cmd,24.874000000000002,0,0,0,0.0,0.0,0.03249134882496427,1791548629.270977
cmd,24.894000000000002,0,0,0,0.0,0.0,0.032504413383107916,1791548629.290962
odom,24.88,1.7745567101623767e-12,2.0801565044951366e-15,-0.021340104238834815,5.6686744826546736e-14,1.178434611999314e-15,0.036800957019707155,1791548629.2971206
cmd,24.914,0,0,0,0.0,0.0,0.030090486353476567,1791548629.3109844
cmd,24.934,0,0,0,0.0,0.0,0.030102656029568776,1791548629.3309853
odom,24.92,1.776824329979524e-12,2.0808440400550757e-15,-0.019789303178587844,5.667995415273285e-14,1.0924816675668635e-15,0.0375383654338087,1791548629.3469722
cmd,24.954,0,0,0,0.0,0.0,0.027064360371644752,1791548629.3509655
cmd,24.974,0,0,0,0.0,0.0,0.027075599567100817,1791548629.3709855
cmd,24.994000000000003,0,0,0,0.0,0.0,0.027086838762556874,1791548629.390949
odom,24.96,1.7790917160474618e-12,2.0813780978005847e-15,-0.018278735762677467,5.667786286263208e-14,1.012948499791415e-15,0.03501278674283603,1791548629.397071
cmd,25.014000000000003,0,0,0,0.0,0.0,0.025262102810765137,1791548629.41096
cmd,25.034000000000002,0,0,0,0.0,0.0,0.02527243566577165,1791548629.4309404
odom,25.04,1.783626498185638e-12,2.0827850164091314e-15,-0.015608028631983293,5.66825515308401e-14,8.750711767219201e-16,0.030143300572705117,1791548629.4470317
cmd,25.054000000000002,0,0,0,0.0,0.0,0.02217821342079606,1791548629.4509814
cmd,25.074,0,0,0,0.0,0.0,0.022186943851524157,1791548629.470982
cmd,25.094,0,0,0,0.0,0.0,0.022195674282252255,1791548629.4909735
odom,25.08,1.78589395740189e-12,2.0811351432463155e-15,-0.014420756429179615,5.66858636981589e-14,8.077025391928988e-16,0.02912826812613543,1791548629.4970176
cmd,25.114,0,0,0,0.0,0.0,0.020421863740911442,1791548629.5109985
cmd,25.134,0,0,0,0.0,0.0,0.020429881808317854,1791548629.5309877
odom,25.12,1.7881616060014208e-12,2.0820423969776847e-15,-0.013303094556280202,5.669115237699592e-14,7.545370649640581e-16,0.024587462771655962,1791548629.5469794
cmd,25.154,0,0,0,0.0,0.0,0.0200147197814494,1791548629.5509453
cmd,25.174000000000003,0,0,0,0.0,0.0,0.020022067251732077,1791548629.570974
cmd,25.194000000000003,0,0,0,0.0,0.0,0.02002941472201475,1791548629.5910935
odom,25.16,1.7904293103798986e-12,2.081234348742971e-15,-0.012354099828954634,5.669042587901569e-14,7.011417723235816e-16,0.022593828239350803,1791548629.597241
cmd,25.214000000000002,0,0,0,0.0,0.0,0.01902577437258181,1791548629.610986
cmd,25.234,0,0,0,0.0,0.0,0.01903255244602809,1791548629.6309628
odom,25.24,1.794964650030692e-12,2.0817708535321327e-15,-0.010502371187453452,5.668586307257254e-14,5.932367228477739e-16,0.022691618954055998,1791548629.647039
cmd,25.254,0,0,0,0.0,0.0,0.0,1791548629.6510084
cmd,25.274,0,0,0,0.0,0.0,0.0,1791548629.6709557
cmd,25.294,0,0,0,0.0,0.0,0.0,1791548629.6909616
odom,25.28,1.7972321432488445e-12,2.082794140966021e-15,-0.009598093395352336,5.668790988154171e-14,5.434597107198724e-16,0.02075064657450522,1791548629.6973019
cmd,25.314,0,0,0,0.0,0.0,0.0,1791548629.7109962
cmd,25.334000000000003,0,0,0,0.0,0.0,0.0,1791548629.7309904
odom,25.32,1.7990621395364462e-12,2.1467711831746234e-15,-0.008976487053410587,3.35302987936365e-14,3.155569194759116e-16,0.009336527552943404,1791548629.7469676
cmd,25.354000000000003,0,0,0,0.0,0.0,0.0,1791548629.7509732
cmd,25.374000000000002,0,0,0,0.0,0.0,0.0,1791548629.770998
cmd,25.394000000000002,0,0,0,0.0,0.0,0.0,1791548629.7909942
odom,25.36,1.8003230491448226e-12,2.158787284572292e-15,-0.008674901426860337,2.9283881702244045e-14,2.738466877091875e-16,0.0055827866673471655,1791548629.797031
cmd,25.414,0,0,0,0.0,0.0,0.0,1791548629.8110173
cmd,25.434,0,0,0,0.0,0.0,0.0,1791548629.8309884
odom,25.44,1.8026171624685702e-12,2.162454076387153e-15,-0.008672056527895489,2.8361014656851696e-14,2.647471019010792e-16,-0.00259398927894537,1791548629.847025
cmd,25.454,0,0,0,0.0,0.0,0.0,1791548629.851006
cmd,25.474,0,0,0,0.0,0.0,0.0,1791548629.8709698
cmd,25.494000000000003,0,0,0,0.0,0.0,0.0,1791548629.8909674
odom,25.48,1.8037511217382688e-12,2.1631912428133077e-15,-0.008731841718650825,2.8334547893138096e-14,2.6428689517999254e-16,-0.0004329695886767591,1791548629.897118
cmd,25.514000000000003,0,0,0,0.0,0.0,0.0,1791548629.9110193
cmd,25.534000000000002,0,0,0,0.0,0.0,0.0,1791548629.9309502
odom,25.52,1.8048844346348174e-12,2.1637166267055597e-15,-0.008694103536881046,2.8329695639937306e-14,2.645007486004663e-16,0.0023721187180560455,1791548629.9469638
cmd,25.554000000000002,0,0,0,0.0,0.0,0.0,1791548629.9509816
cmd,25.574,0,0,0,0.0,0.0,0.0,1791548629.9710023
cmd,25.594,0,0,0,0.0,0.0,0.0,1791548629.9910076
odom,25.56,1.806017643554775e-12,2.164207162310817e-15,-0.008638843919800632,2.8329554231494914e-14,2.644945738589789e-16,0.00036039632939700915,1791548629.9971726
cmd,25.614,0,0,0,0.0,0.0,0.0,1791548630.0110507
cmd,25.634,0,0,0,0.0,0.0,0.0,1791548630.03099
odom,25.64,1.8082841040141833e-12,2.165535933280191e-15,-0.008740461682053002,2.8330234588444557e-14,2.646204397907084e-16,-0.005126588018565149,1791548630.0470052
cmd,25.654,0,0,0,0.0,0.0,0.0,1791548630.0510082
cmd,25.674000000000003,0,0,0,0.0,0.0,0.0,1791548630.0709994
cmd,25.694000000000003,0,0,0,0.0,0.0,0.0,1791548630.0909796
odom,25.68,1.809417341395781e-12,2.166445308940206e-15,-0.008895550541932805,2.8330185166446135e-14,2.6429321414006215e-16,-0.0029401475119797617,1791548630.097094
cmd,25.714000000000002,0,0,0,0.0,0.0,0.0,1791548630.1111114
cmd,25.734,0,0,0,0.0,0.0,0.0,1791548630.130996
odom,25.72,1.810550613856633e-12,2.167299185669561e-15,-0.008964922715610335,2.833192196589835e-14,2.6435993380490623e-16,-0.0009639249029735758,1791548630.14697
cmd,25.754,0,0,0,0.0,0.0,0.0,1791548630.1509438
cmd,25.774,0,0,0,0.0,0.0,0.0,1791548630.1709907
cmd,25.794,0,0,0,0.0,0.0,0.0,1791548630.1909878
odom,25.76,1.8116839152639546e-12,2.168119224235524e-15,-0.00898033287411293,2.833142635601219e-14,2.6460949472196535e-16,-0.00031429967137686077,1791548630.1971335
cmd,25.814,0,0,0,0.0,0.0,0.0,1791548630.2110693
cmd,25.834000000000003,0,0,0,0.0,0.0,0.0,1791548630.2309942
odom,25.84,1.8139505059897195e-12,2.169619505023478e-15,-0.00893858725757779,2.8332005732712206e-14,2.6462603033247287e-16,-0.0008749417528288549,1791548630.2470446
cmd,25.854000000000003,0,0,0,0.0,0.0,0.0,1791548630.2510054
cmd,25.874000000000002,0,0,0,0.0,0.0,0.0,1791548630.2710094
cmd,25.894000000000002,0,0,0,0.0,0.0,0.0,1791548630.2910016
odom,25.88,1.8150837913322647e-12,2.1704589524919792e-15,-0.008976082939252006,2.8330339948386153e-14,2.6456843049441942e-16,-0.001542164512248206,1791548630.297169
cmd,25.914,0,0,0,0.0,0.0,0.0,1791548630.3110378
cmd,25.934,0,0,0,0.0,0.0,0.0,1791548630.3310199
odom,25.92,1.8162170240614546e-12,2.1713452737907292e-15,-0.009029881488209934,2.8329288387418094e-14,2.6475344981668523e-16,-0.0017610265750707046,1791548630.3469684
cmd,25.954,0,0,0,0.0,0.0,0.0,1791548630.3509805
cmd,25.974,0,0,0,0.0,0.0,0.0,1791548630.3709881
cmd,25.994000000000003,0,0,0,0.0,0.0,0.0,1791548630.3909974
odom,25.96,1.8173502796566812e-12,2.1722549930796807e-15,-0.009087724607988346,2.833160276696525e-14,2.6445585570624633e-16,-0.0018324977270799741,1791548630.3971803
cmd,26.014000000000003,0,0,0,0.0,0.0,0.0,1791548630.410964
cmd,26.034000000000002,0,0,0,0.0,0.0,0.0,1791548630.4309735
odom,26.04,1.8196169227435924e-12,2.1741028798267206e-15,-0.009170164709487505,2.8330381889761732e-14,2.6450239154553325e-16,-0.002706906145588634,1791548630.4469812
cmd,26.054000000000002,0,0,0,0.0,0.0,0.0,1791548630.4510076
cmd,26.074,0,0,0,0.0,0.0,0.0,1791548630.4709961
cmd,26.094,0,0,0,0.0,0.0,0.0,1791548630.4909918
odom,26.08,1.820750188284253e-12,2.1751272046507835e-15,-0.009256261569958735,2.833060806198645e-14,2.6480358265012647e-16,-0.002561061650875984,1791548630.4970896
cmd,26.114,0,0,0,0.0,0.0,0.0,1791548630.5110683
cmd,26.134,0,0,0,0.0,0.0,0.0,1791548630.5310087
odom,26.12,1.8218834664434017e-12,2.1761801550723498e-15,-0.009335852289729107,2.8331013707383907e-14,2.645146570964159e-16,-0.0025124958769687485,1791548630.5471163
cmd,26.154,0,0,0,0.0,0.0,0.0,1791548630.5510333
cmd,26.174000000000003,0,0,0,0.0,0.0,0.0,1791548630.5710049
cmd,26.194000000000003,0,0,0,0.0,0.0,0.0,1791548630.5909886
odom,26.16,1.8230167839387595e-12,2.17725768575263e-15,-0.009411700709599293,2.8332445180529012e-14,2.648734531423105e-16,-0.00249592240748393,1791548630.5971608
cmd,26.214000000000002,0,0,0,0.0,0.0,0.0,1791548630.611087
cmd,26.234,0,0,0,0.0,0.0,0.0,1791548630.6310203
odom,26.24,1.825283402005025e-12,2.1794060360329175e-15,-0.009507593672446468,2.8330304024545148e-14,2.647536343918918e-16,-0.002493665330417373,1791548630.647037
cmd,26.254,0,0,0,0.0,0.0,0.0,1791548630.6509929
cmd,26.274,0,0,0,0.0,0.0,0.0,1791548630.6710029
cmd,26.294,0,0,0,0.0,0.0,0.0,1791548630.690991
odom,26.28,1.826416643451598e-12,2.1805472009337806e-15,-0.00958551790269846,2.8329116045813617e-14,2.6459552415662744e-16,-0.0029073758477777554,1791548630.6970887
cmd,26.314,0,0,0,0.0,0.0,0.0,1791548630.7110152
cmd,26.334000000000003,0,0,0,0.0,0.0,0.0,1791548630.731045
odom,26.32,1.8275498655685635e-12,2.1818974045198317e-15,-0.009765799274629392,2.8329223253234166e-14,2.647725610491888e-16,-0.008070274227660112,1791548630.747106
cmd,26.354000000000003,0,0,0,0.0,0.0,0.0,1791548630.7509744
cmd,26.374000000000002,0,0,0,0.0,0.0,0.0,1791548630.7710235
cmd,26.394000000000002,0,0,0,0.0,0.0,0.0,1791548630.7909973
odom,26.36,1.828683081600277e-12,2.18333966756666e-15,-0.009981870379847546,2.8328731525474387e-14,2.647563196428152e-16,-0.004737043658057043,1791548630.7969851
cmd,26.414,0,0,0,0.0,0.0,0.0,1791548630.8109813
cmd,26.434,0,0,0,0.0,0.0,0.0,1791548630.831015
odom,26.44,1.8309495418814094e-12,2.185982266603474e-15,-0.010135716771074055,2.8329749178750774e-14,2.650408198175836e-16,-0.0010471108222262634,1791548630.8470159
cmd,26.454,0,0,0,0.0,0.0,0.0,1791548630.8510559
cmd,26.474,0,0,0,0.0,0.0,0.0,1791548630.8710065
cmd,26.494000000000003,0,0,0,0.0,0.0,0.0,1791548630.8910286
odom,26.48,1.8320827838031545e-12,2.1871519951976855e-15,-0.010101554972788307,2.8329359089976253e-14,2.647572527567109e-16,0.0005053509493624299,1791548630.8972204
cmd,26.514000000000003,0,0,0,0.0,0.0,0.0,1791548630.9110856
cmd,26.534000000000002,0,0,0,0.0,0.0,0.0,1791548630.9309864
odom,26.52,1.833216035766094e-12,2.1883172268801117e-15,-0.01008263019172917,2.8330210965398094e-14,2.6463257447027847e-16,-0.0019177723715692709,1791548630.9469945
cmd,26.554000000000002,0,0,0,0.0,0.0,0.0,1791548630.9509985
cmd,26.574,0,0,0,0.0,0.0,0.0,1791548630.9711068
cmd,26.594,0,0,0,0.0,0.0,0.0,1791548630.991024
odom,26.56,1.834349275391502e-12,2.189560887560648e-15,-0.01012786453513259,2.8328548492919434e-14,2.650261164503622e-16,-0.0027137930791283913,1791548630.9972122
cmd,26.614,0,0,0,0.0,0.0,0.0,1791548631.0110812
cmd,26.634,0,0,0,0.0,0.0,0.0,1791548631.031024
odom,26.64,1.8366157244634117e-12,2.1919341458603547e-15,-0.010158665768355224,2.8328808606151077e-14,2.647578544430667e-16,-0.0026538459078158778,1791548631.0471253
cmd,26.654,0,0,0,0.0,0.0,0.0,1791548631.0510294
cmd,26.674000000000003,0,0,0,0.0,0.0,0.0,1791548631.0710151
cmd,26.694000000000003,0,0,0,0.0,0.0,0.0,1791548631.091006
odom,26.68,1.8377489611162982e-12,2.19301301745381e-15,-0.010127025352311136,2.8329757524191764e-14,2.648685371833953e-16,0.0020726225084292775,1791548631.096991
cmd,26.714000000000002,0,0,0,0.0,0.0,0.0,1791548631.1111975
cmd,26.734,0,0,0,0.0,0.0,0.0,1791548631.1310434
odom,26.72,1.8388822098760704e-12,2.1940691129366774e-15,-0.010074313072749417,2.832934179908717e-14,2.648712284653585e-16,-0.001821772225220848,1791548631.1471286
cmd,26.754,0,0,0,0.0,0.0,0.0,1791548631.1509955
cmd,26.774,0,0,0,0.0,0.0,0.0,1791548631.1710165
cmd,26.794,0,0,0,0.0,0.0,0.0,1791548631.191013
odom,26.76,1.8400154705781112e-12,2.1952322207989776e-15,-0.01012536414265286,2.833032740823072e-14,2.648351848005967e-16,-0.003101292876651399,1791548631.1972706
cmd,26.814,0,0,0,0.0,0.0,0.0,1791548631.211034
cmd,26.834000000000003,0,0,0,0.0,0.0,0.0,1791548631.23102
odom,26.84,1.8422819978681282e-12,2.197320141394931e-15,-0.010075959122810119,2.8329632710750673e-14,2.6477188743500064e-16,0.0023320247900334803,1791548631.2469616
cmd,26.854000000000003,0,0,0,0.0,0.0,0.0,1791548631.2510223
cmd,26.874000000000002,0,0,0,0.0,0.0,0.0,1791548631.2710228
cmd,26.894000000000002,0,0,0,0.0,0.0,0.0,1791548631.2910078
odom,26.88,1.843415266281262e-12,2.198142155279924e-15,-0.009924194331739411,2.8330275516821205e-14,2.6493087798888534e-16,0.003290638245460261,1791548631.2969978
cmd,26.914,0,0,0,0.0,0.0,0.0,1791548631.311085
cmd,26.934,0,0,0,0.0,0.0,0.0,1791548631.3310173
odom,26.92,1.8445485440764863e-12,2.1989223519652803e-15,-0.009775511416567628,2.8330073610404586e-14,2.6492291883667845e-16,0.002347431844516701,1791548631.346983
cmd,26.954,0,0,0,0.0,0.0,0.0,1791548631.3509996
cmd,26.974,0,0,0,0.0,0.0,0.0,1791548631.3710282
cmd,26.994000000000003,0,0,0,0.0,0.0,0.0,1791548631.3910162
odom,26.96,1.8456818231827546e-12,2.199797531086651e-15,-0.00972666261969124,2.8330306920422996e-14,2.648310500981627e-16,-0.0017342214223888901,1791548631.3971558
cmd,27.014000000000003,0,0,0,0.0,0.0,0.0,1791548631.4111001
cmd,27.034000000000002,0,0,0,0.0,0.0,0.0,1791548631.4310243
odom,27.04,1.847948402749219e-12,2.2016585267896124e-15,-0.009747334577971943,2.8329679476835297e-14,2.6511410873092996e-16,-0.0007326210568442856,1791548631.4469821
cmd,27.054000000000002,0,0,0,0.0,0.0,0.0,1791548631.4509764
cmd,27.074,0,0,0,0.0,0.0,0.0,1791548631.4710069
cmd,27.094,0,0,0,0.0,0.0,0.0,1791548631.4909773
odom,27.08,1.8490816801102574e-12,2.202636147993056e-15,-0.009795833947813025,2.833047224633929e-14,2.6486778367010763e-16,-0.003584018427225887,1791548631.4971325
cmd,27.114,0,0,0,0.0,0.0,0.0,1791548631.511037
cmd,27.134,0,0,0,0.0,0.0,0.0,1791548631.5310087
odom,27.12,1.8502149710586157e-12,2.2036667834845627e-15,-0.009886282194592422,2.8330242750501548e-14,2.649850005407318e-16,-0.0028443114035032295,1791548631.5469625
cmd,27.154000000000003,0,0,0,0.0,0.0,0.0,1791548631.551014
cmd,27.174000000000003,0,0,0,0.0,0.0,0.0,1791548631.5709844
cmd,27.194000000000003,0,0,0,0.0,0.0,0.0,1791548631.5909798
odom,27.16,1.8513482841412735e-12,2.204676676034445e-15,-0.009954570995946542,2.8331572640997466e-14,2.648170229175248e-16,-0.002600657198881547,1791548631.5973547
cmd,27.214000000000002,0,0,0,0.0,0.0,0.0,1791548631.6111698
cmd,27.234,0,0,0,0.0,0.0,0.0,1791548631.6310384
odom,27.24,1.8536149357791067e-12,2.206406297831485e-15,-0.009868830298424225,2.833017526904324e-14,2.65066494797685e-16,-0.0002797690799375266,1791548631.6471667
cmd,27.254,0,0,0,0.0,0.0,0.0,1791548631.6510296
cmd,27.274,0,0,0,0.0,0.0,0.0,1791548631.671014
cmd,27.294,0,0,0,0.0,0.0,0.0,1791548631.6910312
odom,27.28,1.854748244303947e-12,2.2072798438501345e-15,-0.009854800865674918,2.833126917843527e-14,2.6488931059145105e-16,-0.0009205434275969225,1791548631.6969774
cmd,27.314,0,0,0,0.0,0.0,0.0,1791548631.7111058
cmd,27.334000000000003,0,0,0,0.0,0.0,0.0,1791548631.7310352
odom,27.32,1.8558815694587285e-12,2.2081683313029734e-15,-0.0098580175460814,2.833090422057502e-14,2.6505090366309556e-16,-0.0011311082981772403,1791548631.747064
cmd,27.354000000000003,0,0,0,0.0,0.0,0.0,1791548631.7510014
cmd,27.374000000000002,0,0,0,0.0,0.0,0.0,1791548631.7710488
cmd,27.394000000000002,0,0,0,0.0,0.0,0.0,1791548631.7910168
odom,27.36,1.8570148847531315e-12,2.209033695066723e-15,-0.009851001190969821,2.8330772616364898e-14,2.6487030628076976e-16,-0.0003623125163705157,1791548631.797269
cmd,27.414,0,0,0,0.0,0.0,0.0,1791548631.8110955
cmd,27.434,0,0,0,0.0,0.0,0.0,1791548631.83104
odom,27.44,1.859281488862286e-12,2.210662212445591e-15,-0.009783494341644163,2.8330482384757594e-14,2.6496565653149756e-16,0.0003918303977070718,1791548631.847048
cmd,27.454,0,0,0,0.0,0.0,0.0,1791548631.8510258
cmd,27.474,0,0,0,0.0,0.0,0.0,1791548631.8710296
cmd,27.494000000000003,0,0,0,0.0,0.0,0.0,1791548631.8910038
odom,27.48,1.860414776701113e-12,2.211503424882537e-15,-0.009778042933721752,2.8329654118355645e-14,2.6496981209775546e-16,-0.001957516410931885,1791548631.896994
cmd,27.514000000000003,0,0,0,0.0,0.0,0.0,1791548631.9111598
cmd,27.534000000000002,0,0,0,0.0,0.0,0.0,1791548631.9310274
odom,27.52,1.8615480913689632e-12,2.212409155212736e-15,-0.009834369090131467,2.8331774648881772e-14,2.649764144115635e-16,-0.00272920176500496,1791548631.947012
cmd,27.554000000000002,0,0,0,0.0,0.0,0.0,1791548631.9510243
cmd,27.574,0,0,0,0.0,0.0,0.0,1791548631.9710119
cmd,27.594,0,0,0,0.0,0.0,0.0,1791548631.9910223
odom,27.56,1.8626814201875108e-12,2.2132597186451385e-15,-0.009846531366910938,2.8330334653963356e-14,2.648086997466792e-16,0.0003695158610320906,1791548631.9971166
cmd,27.614,0,0,0,0.0,0.0,0.0,1791548632.0111735
cmd,27.634,0,0,0,0.0,0.0,0.0,1791548632.0310466
odom,27.64,1.864947924978894e-12,2.2150456764970308e-15,-0.009937381157089753,2.832945477846643e-14,2.649862660789093e-16,-0.0016052981933419844,1791548632.0470603
cmd,27.654000000000003,0,0,0,0.0,0.0,0.0,1791548632.0510383
cmd,27.674000000000003,0,0,0,0.0,0.0,0.0,1791548632.0709991
cmd,27.694000000000003,0,0,0,0.0,0.0,0.0,1791548632.0910454
odom,27.68,1.8660811844461396e-12,2.2158684749085057e-15,-0.00992477636548239,2.8329017271267683e-14,2.6497140180405393e-16,0.0003204755272634049,1791548632.0969987
cmd,27.714000000000002,0,0,0,0.0,0.0,0.0,1791548632.1110501
cmd,27.734,0,0,0,0.0,0.0,0.0,1791548632.1310358
odom,27.72,1.8672144593231945e-12,2.2166370266339773e-15,-0.009877740654704592,2.833018306455467e-14,2.649106089369616e-16,0.00011497724478363553,1791548632.147006
cmd,27.754,0,0,0,0.0,0.0,0.0,1791548632.15101
cmd,27.774,0,0,0,0.0,0.0,0.012,1791548632.171033
cmd,27.794,0,0,0,0.0,0.0,0.024,1791548632.1910245
odom,27.76,1.8683477525371077e-12,2.2174184671452153e-15,-0.009845377302700076,2.8329861702511794e-14,2.6509990578876296e-16,-0.0003718455054056661,1791548632.197013
cmd,27.814,0,0,0,0.0,0.0,0.036000000000000004,1791548632.2110515
cmd,27.834000000000003,0,0,0,0.0,0.0,0.048,1791548632.2310529
odom,27.84,1.8710807107588193e-12,2.162145092098055e-15,-0.00966100158311356,5.149189231590172e-14,4.374721554022309e-16,0.006684192212455468,1791548632.2471309
cmd,27.854000000000003,0,0,0,0.0,0.0,0.06,1791548632.2510507
cmd,27.874000000000002,0,0,0,0.0,0.0,0.072,1791548632.2710278
cmd,27.894000000000002,0,0,0,0.0,0.0,0.08399999999999999,1791548632.290998
odom,27.88,1.873225960156755e-12,2.1490424013421335e-15,-0.00891256187838474,5.5746232919736696e-14,3.637744714988521e-16,0.029462139482622367,1791548632.2971327
cmd,27.914,0,0,0,0.0,0.0,0.09599999999999999,1791548632.3111188
cmd,27.934,0,0,0,0.0,0.0,0.10799999999999998,1791548632.3310492
odom,27.92,1.875471334476595e-12,2.1411051716004267e-15,-0.007249485377979869,5.653265697279625e-14,2.0740374099927907e-16,0.05162714631348406,1791548632.347043
cmd,27.954,0,0,0,0.0,0.0,0.11999999999999998,1791548632.3510172
cmd,27.974,0,0,0,0.0,0.0,0.13199999999999998,1791548632.3710346
cmd,27.994000000000003,0,0,0,0.0,0.0,0.144,1791548632.3910348
odom,27.96,1.877735303362265e-12,2.1369513279223694e-15,-0.004324291055169738,5.669104948096551e-14,-2.138581778004789e-17,0.08577508518564045,1791548632.397109
cmd,28.014000000000003,0,0,0,0.0,0.0,0.156,1791548632.4111028
cmd,28.034000000000002,0,0,0,0.0,0.0,0.168,1791548632.4310658
odom,28.04,1.882272194671158e-12,2.116919449493152e-15,0.004599516641293988,5.675874030918855e-14,-6.569756898851573e-16,0.13602720540981708,1791548632.447295
cmd,28.054000000000002,0,0,0,0.0,0.0,0.18000000000000002,1791548632.451048
cmd,28.074,0,0,0,0.0,0.0,0.19200000000000003,1791548632.4710073
cmd,28.094,0,0,0,0.0,0.0,0.20400000000000004,1791548632.491035
odom,28.08,1.884542116597357e-12,2.0977041612042346e-15,0.010483961814583331,5.6780131580616375e-14,-1.0710645353831853e-15,0.15332473920063502,1791548632.4970305
cmd,28.114,0,0,0,0.0,0.0,0.21600000000000005,1791548632.5110857
cmd,28.134,0,0,0,0.0,0.0,0.22800000000000006,1791548632.5310097
odom,28.12,1.886813028549244e-12,2.0753879604660152e-15,0.01724326843753543,5.680219589655919e-14,-1.5438328015365559e-15,0.17871919488517876,1791548632.5472026
cmd,28.154000000000003,0,0,0,0.0,0.0,0.24000000000000007,1791548632.551252
cmd,28.174000000000003,0,0,0,0.0,0.0,0.25200000000000006,1791548632.5713048
cmd,28.194000000000003,0,0,0,0.0,0.0,0.26400000000000007,1791548632.5911922
odom,28.16,1.889084940132314e-12,2.0495882978665195e-15,0.025050561087229806,5.681531306755996e-14,-2.0795174500427065e-15,0.20426089240590553,1791548632.5973616
cmd,28.214000000000002,0,0,0,0.0,0.0,0.2754000000000001,1791548632.611273
cmd,28.234,0,0,0,0.0,0.0,0.2880000000000001,1791548632.631263
odom,28.24,1.8936327656071334e-12,2.0027440007727705e-15,0.04480169466309736,5.6840044175831964e-14,-3.3375739661834073e-15,0.26225995598829044,1791548632.6472342
cmd,28.254,0,0,0,0.0,0.0,0.3000000000000001,1791548632.6511667
cmd,28.274,0,0,0,0.0,0.0,0.3120000000000001,1791548632.671211
cmd,28.294,0,0,0,0.0,0.0,0.3240000000000001,1791548632.691144
odom,28.28,1.8959089010881855e-12,1.967006974278155e-15,0.05593202327275737,5.684946649561129e-14,-4.050212109133716e-15,0.28329634650317964,1791548632.6972463
cmd,28.314,0,0,0,0.0,0.0,0.33540000000000014,1791548632.7112637
cmd,28.334000000000003,0,0,0,0.0,0.0,0.34800000000000014,1791548632.7312799
odom,28.32,1.89818657495877e-12,1.9285291336966373e-15,0.06802024889242153,5.6828518295251784e-14,-4.824900964618463e-15,0.30824415142236217,1791548632.747388
cmd,28.354000000000003,0,0,0,0.0,0.0,0.36000000000000015,1791548632.7510448
cmd,28.374000000000002,0,0,0,0.0,0.0,0.37200000000000016,1791548632.771057
cmd,28.394000000000002,0,0,0,0.0,0.0,0.3840000000000002,1791548632.7910576
odom,28.36,1.9004658388699023e-12,1.8869488426559367e-15,0.08116601184192263,5.681107114175144e-14,-5.663124292933471e-15,0.33389080896760265,1791548632.7970123
cmd,28.414,0,0,0,0.0,0.0,0.3960000000000002,1791548632.8110805
cmd,28.434,0,0,0,0.0,0.0,0.4080000000000002,1791548632.8310425
odom,28.44,1.905030795693937e-12,1.8204175410682547e-15,0.11167358407908036,5.672704725650256e-14,-7.520722305546596e-15,0.3866051079662604,1791548632.8469954
cmd,28.454,0,0,0,0.0,0.0,0.4200000000000002,1791548632.851068
cmd,28.474,0,0,0,0.0,0.0,0.4320000000000002,1791548632.8710964
cmd,28.494000000000003,0,0,0,0.0,0.0,0.44400000000000023,1791548632.8911629
odom,28.48,1.907316674169506e-12,1.8002943127699675e-15,0.12902837068117903,5.6647334714912034e-14,-8.53622359660573e-15,0.4203304901577927,1791548632.8972332
cmd,28.514000000000003,0,0,0,0.0,0.0,0.45600000000000024,1791548632.9111495
cmd,28.534000000000002,0,0,0,0.0,0.0,0.46800000000000025,1791548632.9310527
odom,28.52,1.909604664662316e-12,1.748298716161721e-15,0.1466468642124319,5.6553349497439644e-14,-9.609088053516904e-15,0.437988543468263,1791548632.947145
cmd,28.554000000000002,0,0,0,0.0,0.0,0.48000000000000026,1791548632.9510956
cmd,28.574,0,0,0,0.0,0.0,0.49200000000000027,1791548632.9710386
cmd,28.594,0,0,0,0.0,0.0,0.5040000000000002,1791548632.9910572
odom,28.56,1.9118950985234466e-12,1.6945210504559657e-15,0.16510284222982197,5.642273228580431e-14,-1.0740091908481652e-14,0.45847473606724515,1791548632.9971836
cmd,28.614,0,0,0,0.0,0.0,0.5160000000000002,1791548633.0110807
cmd,28.634,0,0,0,0.0,0.0,0.5280000000000002,1791548633.0310612
odom,28.64,1.9164836306259086e-12,1.6175445960679538e-15,0.2065206296866271,5.606103689982293e-14,-1.3160681476405926e-14,0.5103954358212123,1791548633.0469544
cmd,28.654000000000003,0,0,0,0.0,0.0,0.5400000000000003,1791548633.051061
cmd,28.674000000000003,0,0,0,0.0,0.0,0.5520000000000003,1791548633.0710654
cmd,28.694000000000003,0,0,0,0.0,0.0,0.5640000000000003,1791548633.091096
odom,28.68,1.9187814335899343e-12,1.5588534639577124e-15,0.2281617066387991,5.5829034376427824e-14,-1.4457213058241713e-14,0.5351101289798081,1791548633.0972586
cmd,28.714000000000002,0,0,0,0.0,0.0,0.5760000000000003,1791548633.111115
cmd,28.734,0,0,0,0.0,0.0,0.5880000000000003,1791548633.1310682
odom,28.72,1.9210827180251804e-12,1.5415192426318447e-15,0.25270356811197026,5.5559724995072665e-14,-1.5806107354388367e-14,0.5769533365258048,1791548633.147235
cmd,28.754,0,0,0,0.0,0.0,0.6,1791548633.1510901
cmd,28.774,0,0,0,0.0,0.0,0.6,1791548633.1710787
cmd,28.794,0,0,0,0.0,0.0,0.6,1791548633.1910777
odom,28.76,1.9233871373618906e-12,1.5256170160600956e-15,0.27883167794954433,5.5238221336544765e-14,-1.719635037092855e-14,0.6070547180577818,1791548633.1970735
cmd,28.814,0,0,0,0.0,0.0,0.6,1791548633.2110422
cmd,28.834000000000003,0,0,0,0.0,0.0,0.6,1791548633.2310293
odom,28.84,1.9280026191874892e-12,1.4531590503306693e-15,0.33225800792917287,5.435737553152464e-14,-2.0078806570975168e-14,0.6370194762081287,1791548633.247221
cmd,28.854000000000003,0,0,0,0.0,0.0,0.5910635535236035,1791548633.2510448
cmd,28.874000000000002,0,0,0,0.0,0.0,0.5913348032304333,1791548633.2710562
cmd,28.894000000000002,0,0,0,0.0,0.0,0.5916060529372632,1791548633.2910516
odom,28.88,1.9303110603296003e-12,1.4442253281504354e-15,0.3607605423583742,5.379773954761846e-14,-2.150829835843082e-14,0.6448158840092238,1791548633.2972803
cmd,28.914,0,0,0,0.0,0.0,0.5796060529372632,1791548633.3113353
cmd,28.934,0,0,0,0.0,0.0,0.5676060529372632,1791548633.3311384
odom,28.92,1.932617525522015e-12,1.388489216205482e-15,0.3873173900856805,5.3173554174009646e-14,-2.2904247398378892e-14,0.6447469640920963,1791548633.3470247
cmd,28.954,0,0,0,0.0,0.0,0.5556060529372632,1791548633.351017
cmd,28.974,0,0,0,0.0,0.0,0.5436060529372632,1791548633.3710651
cmd,28.994000000000003,0,0,0,0.0,0.0,0.5316060529372632,1791548633.3910432
odom,28.96,1.9349227740434912e-12,1.3833852498791395e-15,0.41574683920051525,5.251032000668706e-14,-2.4257761875061397e-14,0.6294814517476929,1791548633.3974612
cmd,29.014000000000003,0,0,0,0.0,0.0,0.5196060529372631,1791548633.411231
cmd,29.034000000000002,0,0,0,0.0,0.0,0.5076060529372631,1791548633.4310856
odom,29.04,1.939523369650413e-12,1.379867209077839e-15,0.46958726612432283,5.104485504254875e-14,-2.6770010633779687e-14,0.5813607145353824,1791548633.447238
cmd,29.054000000000002,0,0,0,0.0,0.0,0.4956060529372631,1791548633.4510846
cmd,29.074,0,0,0,0.0,0.0,0.4836060529372631,1791548633.4710886
cmd,29.094,0,0,0,0.0,0.0,0.4716060529372631,1791548633.4910495
odom,29.08,1.9418172684951065e-12,1.335892917520019e-15,0.49304977107558257,5.031944731075028e-14,-2.7919087185490232e-14,0.566918482069332,1791548633.4972117
cmd,29.114,0,0,0,0.0,0.0,0.4596060529372631,1791548633.5112052
cmd,29.134,0,0,0,0.0,0.0,0.4476060529372631,1791548633.531171
odom,29.12,1.9441079822623662e-12,1.293273798689765e-15,0.5159158868215292,4.961044058987593e-14,-2.900056053595952e-14,0.5512685098094121,1791548633.54726
cmd,29.154000000000003,0,0,0,0.0,0.0,0.43560605293726307,1791548633.551074
cmd,29.174000000000003,0,0,0,0.0,0.0,0.42360605293726306,1791548633.571071
cmd,29.194000000000003,0,0,0,0.0,0.0,0.41160605293726304,1791548633.591085
odom,29.16,1.9463956312432327e-12,1.2525344797501427e-15,0.5378672041328354,4.889990677913308e-14,-3.0024282706944794e-14,0.5209733196887611,1791548633.597464
cmd,29.214000000000002,0,0,0,0.0,0.0,0.39960605293726303,1791548633.6110523
cmd,29.234,0,0,0,0.0,0.0,0.387606052937263,1791548633.6310346
odom,29.24,1.95096269284369e-12,1.177608888467372e-15,0.5783231378570274,4.754361434282547e-14,-3.186605187479908e-14,0.46772192454026085,1791548633.6471968
cmd,29.254,0,0,0,0.0,0.0,0.375606052937263,1791548633.6511037
cmd,29.274,0,0,0,0.0,0.0,0.363606052937263,1791548633.671092
cmd,29.294,0,0,0,0.0,0.0,0.351606052937263,1791548633.691123
odom,29.28,1.953242738265045e-12,1.1428546647686174e-15,0.596990939900922,4.68995323856713e-14,-3.269261065199108e-14,0.44236551441573546,1791548633.6972
cmd,29.314,0,0,0,0.0,0.0,0.339606052937263,1791548633.7111163
cmd,29.334000000000003,0,0,0,0.0,0.0,0.32760605293726297,1791548633.7310483
odom,29.32,1.955521064432338e-12,1.1432226929590074e-15,0.6156816989695311,4.6273471539261056e-14,-3.3458691198596496e-14,0.40397096345237643,1791548633.747012
cmd,29.354000000000003,0,0,0,0.0,0.0,0.31560605293726296,1791548633.7510839
cmd,29.374000000000002,0,0,0,0.0,0.0,0.30360605293726295,1791548633.7710845
cmd,29.394000000000002,0,0,0,0.0,0.0,0.29160605293726294,1791548633.791081
odom,29.36,1.9577969708495654e-12,1.1130339846429564e-15,0.6318126272584587,4.5684730706338274e-14,-3.417059502585682e-14,0.3845136534884879,1791548633.7970874
cmd,29.414,0,0,0,0.0,0.0,0.2796060529372629,1791548633.8111374
cmd,29.434,0,0,0,0.0,0.0,0.2676060529372629,1791548633.8310633
odom,29.44,1.9623447042655957e-12,1.0860686443302573e-15,0.6622428638603851,4.459891673488583e-14,-3.5423381442675784e-14,0.3398117046051666,1791548633.846976
cmd,29.454,0,0,0,0.0,0.0,0.2556060529372629,1791548633.8510995
cmd,29.474,0,0,0,0.0,0.0,0.2436060529372629,1791548633.8710775
cmd,29.494000000000003,0,0,0,0.0,0.0,0.23160605293726289,1791548633.8910706
odom,29.48,1.9646164870522337e-12,1.060332463802115e-15,0.6755707925055163,4.411005333483853e-14,-3.596621417017558e-14,0.31352795281597345,1791548633.8970892
cmd,29.514000000000003,0,0,0,0.0,0.0,0.21960605293726287,1791548633.9112523
cmd,29.534000000000002,0,0,0,0.0,0.0,0.20760605293726286,1791548633.9311113
odom,29.52,1.966887239674724e-12,1.0362111650363654e-15,0.6879084365541379,4.3655321365259926e-14,-3.6462566723180695e-14,0.29188869871002837,1791548633.9470308
cmd,29.554000000000002,0,0,0,0.0,0.0,0.19560605293726285,1791548633.9510658
cmd,29.574,0,0,0,0.0,0.0,0.18360605293726284,1791548633.9710817
cmd,29.594,0,0,0,0.0,0.0,0.17160605293726283,1791548633.9910386
odom,29.56,1.969157123549047e-12,1.013885316624759e-15,0.6992433961347135,4.323632841603207e-14,-3.689370385010668e-14,0.26465178843537923,1791548633.997046
cmd,29.614,0,0,0,0.0,0.0,0.15960605293726282,1791548634.0111077
cmd,29.634,0,0,0,0.0,0.0,0.1476060529372628,1791548634.0310373
odom,29.64,1.9736951230856964e-12,9.750729767018772e-16,0.7186839181554899,4.253662079786567e-14,-3.76306728499777e-14,0.21369993234484988,1791548634.0470781
cmd,29.654000000000003,0,0,0,0.0,0.0,0.1356060529372628,1791548634.0510828
cmd,29.674000000000003,0,0,0,0.0,0.0,0.1236060529372628,1791548634.0710793
cmd,29.694000000000003,0,0,0,0.0,0.0,0.1116060529372628,1791548634.091065
odom,29.68,1.975963516509797e-12,9.586983827045746e-16,0.7268050781133049,4.22409324229616e-14,-3.792870233347786e-14,0.18654050949251963,1791548634.097155
cmd,29.714000000000002,0,0,0,0.0,0.0,0.09960605293726281,1791548634.1111324
cmd,29.734,0,0,0,0.0,0.0,0.08760605293726281,1791548634.1311107
odom,29.72,1.978231787831924e-12,9.566609934733219e-16,0.7339346205203419,4.199056748001318e-14,-3.816700087283692e-14,0.14789436557286026,1791548634.147057
cmd,29.754,0,0,0,0.0,0.0,0.07560605293726282,1791548634.1510663
cmd,29.774,0,0,0,0.0,0.0,0.06360605293726282,1791548634.1710865
cmd,29.794,0,0,0,0.0,0.0,0.05160605293726282,1791548634.191091
odom,29.76,1.9804995541872246e-12,9.452915658776387e-16,0.7395337097061345,4.178139537122751e-14,-3.837620424600349e-14,0.1284357161323076,1791548634.1970053
cmd,29.814000000000004,0,0,0,0.0,0.0,0.04188750504954186,1791548634.2112663
cmd,29.834000000000003,0,0,0,0.0,0.0,0.04191438933530556,1791548634.231158
odom,29.84,1.9850359733529015e-12,9.417791430282568e-16,0.7477197530006094,4.151624966304578e-14,-3.8635428328567215e-14,0.06502902010972457,1791548634.2470925
cmd,29.854000000000003,0,0,0,0.0,0.0,0.04939382767294176,1791548634.2511153
cmd,29.874000000000002,0,0,0,0.0,0.0,0.04941580033272877,1791548634.2710855
cmd,29.894000000000002,0,0,0,0.0,0.0,0.04943777299251577,1791548634.2910817
odom,29.88,1.9873041988719702e-12,9.412325431738793e-16,0.7502212790701791,4.1428000722750013e-14,-3.871342499468349e-14,0.053228622872052586,1791548634.2972858
cmd,29.914,0,0,0,0.0,0.0,0.049085636844620445,1791548634.3111117
cmd,29.934,0,0,0,0.0,0.0,0.04910610858876571,1791548634.3311915
odom,29.92,1.9895722067632282e-12,9.367692550333102e-16,0.7523280269547161,4.135145359572303e-14,-3.880507602253062e-14,0.05143209719014491,1791548634.347066
cmd,29.954,0,0,0,0.0,0.0,0.04596195408068172,1791548634.351073
cmd,29.974,0,0,0,0.0,0.0,0.04598116177609627,1791548634.3711135
cmd,29.994000000000003,0,0,0,0.0,0.0,0.04600036947151082,1791548634.3910744
odom,29.96,1.99184032613982e-12,9.372340368836566e-16,0.7545444098096886,4.126344651409057e-14,-3.8897246871402906e-14,0.05328101490325366,1791548634.3969965
cmd,30.014000000000003,0,0,0,0.0,0.0,0.041381636998673824,1791548634.4111342
cmd,30.034000000000002,0,0,0,0.0,0.0,0.04139951486437539,1791548634.431079
odom,30.04,1.996376489793158e-12,9.330926763982406e-16,0.7589186991664457,4.109638406657882e-14,-3.907052418071385e-14,0.053349931249951035,1791548634.4470038
cmd,30.054000000000002,0,0,0,0.0,0.0,0.033516926592956034,1791548634.4510672
cmd,30.074,0,0,0,0.0,0.0,0.033532179885043534,1791548634.4710608
cmd,30.094,0,0,0,0.0,0.0,0.03354743317713105,1791548634.491056
odom,30.08,1.998644633168128e-12,9.288596065827716e-16,0.7610352815063273,4.102197421205101e-14,-3.9148772877874306e-14,0.052161911924488415,1791548634.4972687
cmd,30.114,0,0,0,0.0,0.0,0.030167375071939763,1791548634.5111463
cmd,30.134,0,0,0,0.0,0.0,0.030181358414623348,1791548634.531089
odom,30.12,2.000912936618864e-12,9.287102636306335e-16,0.7629591720606386,4.0958453077918e-14,-3.921155751373496e-14,0.03994461072969175,1791548634.5472312
cmd,30.154000000000003,0,0,0,0.0,0.0,0.031007239843392827,1791548634.5510488
cmd,30.174000000000003,0,0,0,0.0,0.0,0.03102006885174382,1791548634.5710967
cmd,30.194000000000003,0,0,0,0.0,0.0,0.03103289786009481,1791548634.5910928
odom,30.16,2.0031812202530135e-12,9.260397329499513e-16,0.7644646926180863,4.090118066442741e-14,-3.92726401058521e-14,0.03497618198408622,1791548634.5972583
cmd,30.214000000000002,0,0,0,0.0,0.0,0.03007383661366745,1791548634.611263
cmd,30.234,0,0,0,0.0,0.0,0.030085762309683975,1791548634.6311064
odom,30.24,2.0077180663477703e-12,9.214544904465673e-16,0.767017780131563,4.079594575834979e-14,-3.938618216869639e-14,0.028667767534258187,1791548634.6471767
cmd,30.254,0,0,0,0.0,0.0,0.027708543686373932,1791548634.6510935
cmd,30.274,0,0,0,0.0,0.0,0.027718937529882373,1791548634.671089
cmd,30.294,0,0,0,0.0,0.0,0.027729331373390814,1791548634.6910815
odom,30.28,2.009986534567329e-12,9.22482495060145e-16,0.7682340302140309,4.074017776028067e-14,-3.94420319805424e-14,0.02832774901840151,1791548634.6972554
cmd,30.314000000000004,0,0,0,0.0,0.0,0.0256687517989575,1791548634.7111855
cmd,30.334000000000003,0,0,0,0.0,0.0,0.025678415892416456,1791548634.7311962
odom,30.32,2.01225502106706e-12,9.206629367606901e-16,0.7693797006982699,4.069056328897687e-14,-3.9492772287261903e-14,0.027544876395200858,1791548634.7469974
cmd,30.354000000000003,0,0,0,0.0,0.0,0.02389919113007495,1791548634.7510338
cmd,30.374000000000002,0,0,0,0.0,0.0,0.023908167821243366,1791548634.7710757
cmd,30.394000000000002,0,0,0,0.0,0.0,0.02391714451241178,1791548634.7910864
odom,30.36,2.0145235046029093e-12,9.213642245830924e-16,0.7705510499423696,4.0640234827695044e-14,-3.954455981376261e-14,0.02714292864375981,1791548634.7972538
cmd,30.414,0,0,0,0.0,0.0,0.0219572577735776,1791548634.811383
cmd,30.434,0,0,0,0.0,0.0,0.021965945349280647,1791548634.831064
odom,30.44,2.019060403179497e-12,9.177125424545117e-16,0.7726744039203117,4.055103200043873e-14,-3.9629963814095345e-14,0.022532353927957827,1791548634.8469937
cmd,30.454,0,0,0,0.0,0.0,0.01976460920875063,1791548634.851107
cmd,30.474,0,0,0,0.0,0.0,0.01977160907798582,1791548634.8710787
cmd,30.494000000000003,0,0,0,0.0,0.0,0.019778608947221013,1791548634.8911066
odom,30.48,2.021328865313498e-12,9.185301334264626e-16,0.7736019723627812,4.051179135068517e-14,-3.967151350346101e-14,0.01985121595959307,1791548634.8971832
cmd,30.514000000000003,0,0,0,0.0,0.0,0.019053827367873394,1791548634.9111173
cmd,30.534000000000002,0,0,0,0.0,0.0,0.0190602706960431,1791548634.9311025
odom,30.52,2.0235974845770953e-12,9.193673288860332e-16,0.7744537080270417,4.048008933263552e-14,-3.9709285334463214e-14,0.01877556853882113,1791548634.9471464
cmd,30.554000000000002,0,0,0,0.0,0.0,0.0,1791548634.9510841
cmd,30.574,0,0,0,0.0,0.0,0.0,1791548634.9710722
cmd,30.594,0,0,0,0.0,0.0,0.0,1791548634.991076
odom,30.56,2.0258660572997694e-12,9.184244379394681e-16,0.7752415729911157,4.043942358993861e-14,-3.974296290663614e-14,0.01821502449759531,1791548634.9970772
cmd,30.614,0,0,0,0.0,0.0,0.0,1791548635.0111208
cmd,30.634,0,0,0,0.0,0.0,0.0,1791548635.0310884
odom,30.64,2.029016130394641e-12,1.168094933150859e-15,0.7759017904920656,2.0884215209832798e-14,-2.0544406708978328e-14,-0.0002437201541974892,1791548635.0471058
cmd,30.654000000000003,0,0,0,0.0,0.0,0.0,1791548635.0510828
cmd,30.674000000000003,0,0,0,0.0,0.0,0.0,1791548635.0710876
cmd,30.694000000000003,0,0,0,0.0,0.0,0.0,1791548635.0911193
odom,30.68,2.030175550070253e-12,1.176265149554167e-15,0.7759316170988426,2.032873281391552e-14,-1.999909951569709e-14,-0.0009068273414320259,1791548635.097192
cmd,30.714000000000002,0,0,0,0.0,0.0,0.0,1791548635.1113493
cmd,30.734,0,0,0,0.0,0.0,0.0,1791548635.1310885
odom,30.72,2.031314530121933e-12,1.1786470459719262e-15,0.7759425898765925,2.0225641790937713e-14,-1.9899059965736213e-14,-0.0011248482946348878,1791548635.1469789
cmd,30.754,0,0,0,0.0,0.0,0.0,1791548635.1510744
cmd,30.774,0,0,0,0.0,0.0,0.0,1791548635.1710587
cmd,30.794,0,0,0,0.0,0.0,0.0,1791548635.1910586
odom,30.76,2.0324497725185856e-12,1.1798540328468786e-15,0.7759703923558496,2.0208076182817384e-14,-1.9880571339672355e-14,6.035747251630769e-05,1791548635.1971803
cmd,30.814000000000004,0,0,0,0.0,0.0,0.0,1791548635.211113
cmd,30.834000000000003,0,0,0,0.0,0.0,0.0,1791548635.2310562
odom,30.84,2.0347187327119047e-12,1.1813345786811768e-15,0.776171879304584,2.020347853589771e-14,-1.9876598299231053e-14,0.002246353696188847,1791548635.2470093
cmd,30.854000000000003,0,0,0,0.0,0.0,0.0,1791548635.2510617
cmd,30.874000000000002,0,0,0,0.0,0.0,0.0,1791548635.271078
cmd,30.894000000000002,0,0,0,0.0,0.0,0.0,1791548635.2913184
odom,30.88,2.035853108287112e-12,1.181917159905027e-15,0.7762555319256902,2.0202763924155372e-14,-1.9875922176641837e-14,-9.100780840105805e-05,1791548635.2970345
cmd,30.914,0,0,0,0.0,0.0,0.0,1791548635.311161
cmd,30.934,0,0,0,0.0,0.0,0.0,1791548635.3311286
odom,30.92,2.0369874991493614e-12,1.1824341630318556e-15,0.7763061379977696,2.0204903637078904e-14,-1.9876261482992535e-14,0.0008165154184089022,1791548635.347084
cmd,30.954,0,0,0,0.0,0.0,0.0,1791548635.3510885
cmd,30.974,0,0,0,0.0,0.0,0.0,1791548635.371073
cmd,30.994000000000003,0,0,0,0.0,0.0,0.0,1791548635.3910837
odom,30.96,2.0381218761916446e-12,1.1828424781686411e-15,0.776394151103423,2.0202782598605624e-14,-1.987618460993899e-14,0.0019521418704155176,1791548635.39721
cmd,31.014000000000003,0,0,0,0.0,0.0,0.0,1791548635.4112303
cmd,31.034000000000002,0,0,0,0.0,0.0,0.0,1791548635.431191
odom,31.04,2.040390555701193e-12,1.1832583616961402e-15,0.7765900787523594,2.0202075319168137e-14,-1.987621535999249e-14,0.000351038603742786,1791548635.4469538
cmd,31.054000000000002,0,0,0,0.0,0.0,0.0,1791548635.4511049
cmd,31.074,0,0,0,0.0,0.0,0.0,1791548635.4711072
cmd,31.094,0,0,0,0.0,0.0,0.0,1791548635.4910817
odom,31.08,2.0415249050299956e-12,1.1835076402362345e-15,0.7765935250093685,2.0203347582376505e-14,-1.98764000701951e-14,-0.0015546478268624545,1791548635.4974587
cmd,31.114,0,0,0,0.0,0.0,0.0,1791548635.5111237
cmd,31.134,0,0,0,0.0,0.0,0.0,1791548635.53111
odom,31.12,2.042659290920528e-12,1.1837348522426187e-15,0.776601498491413,2.020457554588213e-14,-1.987641296218118e-14,0.0007521624421965999,1791548635.5470796
cmd,31.154000000000003,0,0,0,0.0,0.0,0.0,1791548635.5510926
cmd,31.174000000000003,0,0,0,0.0,0.0,0.0,1791548635.5710566
cmd,31.194000000000003,0,0,0,0.0,0.0,0.0,1791548635.5910866
odom,31.16,2.043793680281816e-12,1.18406027289176e-15,0.7765835823101273,2.0204266724457146e-14,-1.9876183076612517e-14,-0.00309885502990047,1791548635.597191
cmd,31.214000000000002,0,0,0,0.0,0.0,0.0,1791548635.6111374
cmd,31.234,0,0,0,0.0,0.0,0.0,1791548635.631108
odom,31.24,2.0460623749045192e-12,1.184934812899349e-15,0.7763908656604864,2.0203962459473068e-14,-1.9875952656447472e-14,-0.0017077527314650267,1791548635.6470878
cmd,31.254,0,0,0,0.0,0.0,0.0,1791548635.6511128
cmd,31.274,0,0,0,0.0,0.0,0.0,1791548635.6710932
cmd,31.294,0,0,0,0.0,0.0,0.0,1791548635.6911125
odom,31.28,2.0471966995885808e-12,1.1852400512954018e-15,0.7764009805130012,2.0202058446939976e-14,-1.987616446520072e-14,0.0007034378818705427,1791548635.6972675
cmd,31.314000000000004,0,0,0,0.0,0.0,0.0,1791548635.7110846
cmd,31.334000000000003,0,0,0,0.0,0.0,0.0,1791548635.7311175
odom,31.32,2.0483310219923307e-12,1.185393935328437e-15,0.7764738013186196,2.0203041745875515e-14,-1.9875707699667756e-14,0.0014953117889083926,1791548635.7469702
cmd,31.354000000000003,0,0,0,0.0,0.0,0.0,1791548635.7511027
cmd,31.374000000000002,0,0,0,0.0,0.0,0.0,1791548635.7711039
cmd,31.394000000000002,0,0,0,0.0,0.0,0.0,1791548635.7911184
odom,31.36,2.049465346152004e-12,1.1854873051217492e-15,0.7765649211693395,2.0203262300400235e-14,-1.9875895510746608e-14,0.0017548444279765771,1791548635.7973769
cmd,31.414,0,0,0,0.0,0.0,0.0,1791548635.8112426
cmd,31.434,0,0,0,0.0,0.0,0.0,1791548635.8311162
odom,31.44,2.0517340171560455e-12,1.185647298725981e-15,0.7766747756520456,2.0203727294129186e-14,-1.9876031154276528e-14,0.0001968869160573007,1791548635.8470395
cmd,31.454,0,0,0,0.0,0.0,0.0,1791548635.8511274
cmd,31.474,0,0,0,0.0,0.0,0.0,1791548635.871117
cmd,31.494000000000003,0,0,0,0.0,0.0,0.0,1791548635.891094
odom,31.48,2.052868358454258e-12,1.1858144791973936e-15,0.7766548614316576,2.0203848588450325e-14,-1.9875968842950923e-14,-0.002443865620303718,1791548635.8970249
cmd,31.514000000000003,0,0,0,0.0,0.0,0.0,1791548635.9111233
cmd,31.534000000000002,0,0,0,0.0,0.0,0.0,1791548635.9311013
odom,31.52,2.054002707140111e-12,1.1860344640674136e-15,0.776597622225938,2.020439831621766e-14,-1.9875937079495614e-14,-0.0016351878664164446,1791548635.9469464
cmd,31.554000000000002,0,0,0,0.0,0.0,0.0,1791548635.9510603
cmd,31.574,0,0,0,0.0,0.0,0.0,1791548635.9711099
cmd,31.594,0,0,0,0.0,0.0,0.0,1791548635.991105
odom,31.56,2.055137057183458e-12,1.186256453903449e-15,0.7765633251479156,2.020443023646048e-14,-1.987567198346766e-14,-0.001369136092791637,1791548635.9970407
cmd,31.614,0,0,0,0.0,0.0,0.0,1791548636.0111773
cmd,31.634,0,0,0,0.0,0.0,0.0,1791548636.0311127
odom,31.64,2.057405719576765e-12,1.1866027895742834e-15,0.7765517952668102,2.0203974952764507e-14,-1.9875764438449988e-14,-0.0034975079369175604,1791548636.0470605
cmd,31.654000000000003,0,0,0,0.0,0.0,0.0,1791548636.0511308
cmd,31.674000000000003,0,0,0,0.0,0.0,0.0,1791548636.0711346
cmd,31.694000000000003,0,0,0,0.0,0.0,0.0,1791548636.0910976
odom,31.68,2.058540028597536e-12,1.1867861731706122e-15,0.7765169238437575,2.0203040634069404e-14,-1.9875736621649957e-14,0.0005333200659138014,1791548636.097009
cmd,31.714000000000002,0,0,0,0.0,0.0,0.0,1791548636.1113153
cmd,31.734,0,0,0,0.0,0.0,0.0,1791548636.1310825
odom,31.72,2.0596743032035917e-12,1.1868318293673944e-15,0.7765652494507762,2.0201815719797616e-14,-1.987589806194129e-14,0.0006006317375492038,1791548636.1472132
cmd,31.754,0,0,0,0.0,0.0,0.0,1791548636.1510565
cmd,31.774,0,0,0,0.0,0.0,0.0,1791548636.1710646
cmd,31.794,0,0,0,0.0,0.0,0.0,1791548636.1910949
odom,31.76,2.0608086115600615e-12,1.1869077337761048e-15,0.7765746453044438,2.0204285302512074e-14,-1.9875786394570448e-14,-0.0014724712178781837,1791548636.1971617
cmd,31.814000000000004,0,0,0,0.0,0.0,0.0,1791548636.2111747
cmd,31.834000000000003,0,0,0,0.0,0.0,0.0,1791548636.2311165
odom,31.84,2.063077212998522e-12,1.1871415965122252e-15,0.7765673719488396,2.020374855251447e-14,-1.987555970729717e-14,0.0012500638855069846,1791548636.247
cmd,31.854000000000003,0,0,0,0.0,0.0,0.0,1791548636.2511272
cmd,31.874000000000002,0,0,0,0.0,0.0,0.0,1791548636.2710989
cmd,31.894000000000002,0,0,0,0.0,0.0,0.0,1791548636.2911055
odom,31.88,2.0642115152078386e-12,1.1871506877530958e-15,0.7766327381138622,2.020380530360662e-14,-1.9875577481962396e-14,0.0008356544636359709,1791548636.2970195
cmd,31.914,0,0,0,0.0,0.0,0.0,1791548636.3111885
cmd,31.934,0,0,0,0.0,0.0,0.0,1791548636.331114
odom,31.92,2.0653458005177725e-12,1.1871318999607722e-15,0.7766929983023462,2.020300435003391e-14,-1.9875535236431934e-14,0.001118015182317309,1791548636.3471496
cmd,31.954,0,0,0,0.0,0.0,0.0,1791548636.3511102
cmd,31.974000000000004,0,0,0,0.0,0.0,0.0,1791548636.371112
cmd,31.994000000000003,0,0,0,0.0,0.0,0.0,1791548636.3911066
odom,31.96,2.0664800901872323e-12,1.1870406622819761e-15,0.7767744101366009,2.0203858496192507e-14,-1.9875590984875007e-14,0.0020482083546582296,1791548636.3971686
cmd,32.014,0,0,0,0.0,0.0,0.0,1791548636.411139
cmd,32.034,0,0,0,0.0,0.0,0.0,1791548636.431117
odom,32.04,2.068748665984621e-12,1.1866778478142459e-15,0.777001304697885,2.0203670276838145e-14,-1.9875632076127933e-14,0.0032903995571254077,1791548636.447173
cmd,32.054,0,0,0,0.0,0.0,0.0,1791548636.4511085
cmd,32.074000000000005,0,0,0,0.0,0.0,0.0,1791548636.471122
cmd,32.094,0,0,0,0.0,0.0,0.0,1791548636.4911177
odom,32.08,2.069882964346537e-12,1.1864079782592625e-15,0.7771456786628802,2.0204412740271907e-14,-1.9875373156336454e-14,0.0035973022234516393,1791548636.4971564
cmd,32.114000000000004,0,0,0,0.0,0.0,0.0,1791548636.5111182
cmd,32.134,0,0,0,0.0,0.0,0.0,1791548636.5310853
odom,32.12,2.0710172508674607e-12,1.1860799014062652e-15,0.7773014403611168,2.0203648267901484e-14,-1.9875918713866874e-14,0.00411595345796614,1791548636.5469553
cmd,32.154,0,0,0,0.0,0.0,0.0,1791548636.5510943
cmd,32.174,0,0,0,0.0,0.0,0.0,1791548636.57116
cmd,32.194,0,0,0,0.0,0.0,0.0,1791548636.5910938
odom,32.16,2.072151562436122e-12,1.1857845035433233e-15,0.7774033198248441,2.020496805005498e-14,-1.987578105804686e-14,0.0009333829426121298,1791548636.5971484
cmd,32.214,0,0,0,0.0,0.0,0.0,1791548636.6111279
cmd,32.234,0,0,0,0.0,0.0,0.0,1791548636.6311183
odom,32.24,2.0744201523363224e-12,1.1858564981463429e-15,0.7771419800335817,2.020460824465013e-14,-1.987528069527614e-14,-0.00602159960599359,1791548636.6470418
cmd,32.254000000000005,0,0,0,0.0,0.0,0.0,1791548636.6510987
cmd,32.274,0,0,0,0.0,0.0,0.0,1791548636.671131
cmd,32.294000000000004,0,0,0,0.0,0.0,0.0,1791548636.6911144
odom,32.28,2.075554455290742e-12,1.1860261598085728e-15,0.7769673705462835,2.0205176876678678e-14,-1.9875320239258455e-14,-0.003233017066718747,1791548636.6969688
cmd,32.314,0,0,0,0.0,0.0,0.0,1791548636.7112095
cmd,32.334,0,0,0,0.0,0.0,0.0,1791548636.7311282
odom,32.32,2.0766887489826682e-12,1.186178187690028e-15,0.7768477572387048,2.020439054599371e-14,-1.9875424993772116e-14,-0.003572658477421727,1791548636.747067
cmd,32.354,0,0,0,0.0,0.0,0.0,1791548636.7511537
cmd,32.374,0,0,0,0.0,0.0,0.0,1791548636.7711394
cmd,32.394000000000005,0,0,0,0.0,0.0,0.0,1791548636.791109
odom,32.36,2.0778230391010596e-12,1.1863511686398472e-15,0.7767229227069867,2.020461752854615e-14,-1.9875385767667545e-14,-0.003683292003627056,1791548636.7971566
cmd,32.414,0,0,0,0.0,0.0,0.0,1791548636.811144
cmd,32.434000000000005,0,0,0,0.0,0.0,0.0,1791548636.8311334
odom,32.44,2.080091635001353e-12,1.1871610935257487e-15,0.7762403426181147,2.02057267004145e-14,-1.987521791624926e-14,-0.008737966091233252,1791548636.8469698
cmd,32.454,0,0,0,0.0,0.0,0.0,1791548636.8511076
cmd,32.474000000000004,0,0,0,0.0,0.0,0.0,1791548636.871135
cmd,32.494,0,0,0,0.0,0.0,0.0,1791548636.8911138
odom,32.48,2.081225925074564e-12,1.1875690193992872e-15,0.7760536103565753,2.0204377121551894e-14,-1.987549061904488e-14,-0.0024423825093395964,1791548636.897269
cmd,32.514,0,0,0,0.0,0.0,0.0,1791548636.9111617
cmd,32.533,0,0,0,0.0,0.0,0.0,1791548636.931184
odom,32.52,2.0823602187252055e-12,1.1878457476267801e-15,0.7759828321494915,2.020511919296359e-14,-1.9875448599368982e-14,-0.003305937818494163,1791548636.9471195
cmd,32.554,0,0,0,0.0,0.0,0.0,1791548636.951074
cmd,32.574000000000005,0,0,0,0.0,0.0,0.0,1791548636.9710984
cmd,32.594,0,0,0,0.0,0.0,0.0,1791548636.9911296
odom,32.56,2.0834945193576894e-12,1.1881629482219068e-15,0.7758994042228999,2.0205251917503955e-14,-1.9875469326423658e-14,-0.0031700538156363826,1791548636.9970572
cmd,32.614000000000004,0,0,0,0.0,0.0,0.0,1791548637.0111468
cmd,32.634,0,0,0,0.0,0.0,0.0,1791548637.0311332
odom,32.64,2.0857631844220937e-12,1.1888150910453633e-15,0.7757767354268718,2.0206535157956947e-14,-1.9875615051603336e-14,-0.0007330632844491332,1791548637.047132
cmd,32.654,0,0,0,0.0,0.0,0.0,1791548637.0511274
cmd,32.674,0,0,0,0.0,0.0,0.0,1791548637.0710878
cmd,32.694,0,0,0,0.0,0.0,0.0,1791548637.0911252
odom,32.68,2.0868974860691473e-12,1.1890164371603334e-15,0.7758140442471335,2.0204760871108755e-14,-1.9875411349399204e-14,0.00019039148097624385,1791548637.0970232
cmd,32.714,0,0,0,0.0,0.0,0.0,1791548637.111148
cmd,32.734,0,0,0,0.0,0.0,0.0,1791548637.1311061
odom,32.72,2.088031763042897e-12,1.1892660370712869e-15,0.7757882235939922,2.020479786533741e-14,-1.9875211087050104e-14,-0.004115213577543359,1791548637.1471205
cmd,32.754000000000005,0,0,0,0.0,0.0,0.0,1791548637.1511173
cmd,32.774,0,0,0,0.0,0.0,0.0,1791548637.1711185
cmd,32.794000000000004,0,0,0,0.0,0.0,0.0,1791548637.1911294
odom,32.76,2.089166019324504e-12,1.1896525068985037e-15,0.7756502879885963,2.020396717620302e-14,-1.9875271507089347e-14,-0.005529191290842369,1791548637.197243
cmd,32.814,0,0,0,0.0,0.0,0.0,1791548637.211214
cmd,32.834,0,0,0,0.0,0.0,0.0,1791548637.2310965
odom,32.84,2.0914346039590523e-12,1.1904351972172148e-15,0.7754318366615602,2.0205689117894663e-14,-1.987513252232575e-14,-0.005180575572620454,1791548637.2470384
cmd,32.854,0,0,0,0.0,0.0,0.0,1791548637.2511377
cmd,32.874,0,0,0,0.0,0.0,0.0,1791548637.2711196
cmd,32.894000000000005,0,0,0,0.0,0.0,0.0,1791548637.2911198
odom,32.88,2.0925688715542293e-12,1.190820164769421e-15,0.7753395332511058,2.0204552029490514e-14,-1.9875226503561563e-14,-0.0025246319390326045,1791548637.2969902
cmd,32.914,0,0,0,0.0,0.0,0.0,1791548637.3111591
cmd,32.934000000000005,0,0,0,0.0,0.0,0.0,1791548637.3311374
odom,32.92,2.093703158526109e-12,1.1911100096660635e-15,0.7753196832266864,2.0206249241600037e-14,-1.987515222633398e-14,-0.0016515750326606918,1791548637.3469498
cmd,32.954,0,0,0,0.0,0.0,0.0,1791548637.3511415
cmd,32.974000000000004,0,0,0,0.0,0.0,-0.012,1791548637.3711455
cmd,32.994,0,0,0,0.0,0.0,-0.024,1791548637.3911219
odom,32.96,2.0948374299090674e-12,1.1913785390887082e-15,0.7753311509130373,2.02046846628966e-14,-1.9875232894353336e-14,-0.0009456984252896757,1791548637.3970833
cmd,33.014,0,0,0,0.0,0.0,-0.036000000000000004,1791548637.4112825
cmd,33.034,0,0,0,0.0,0.0,-0.048,1791548637.4311295
odom,33.04,2.0975311982350697e-12,1.0094639889317756e-15,0.7750627018633471,3.67634249813061e-14,-3.606880335032729e-14,-0.00816312337156916,1791548637.4469976
cmd,33.054,0,0,0,0.0,0.0,-0.06,1791548637.4511504
cmd,33.074000000000005,0,0,0,0.0,0.0,-0.072,1791548637.4711232
cmd,33.094,0,0,0,0.0,0.0,-0.08399999999999999,1791548637.4911463
odom,33.08,2.099670791755103e-12,9.761496281415586e-16,0.7741616498560653,3.986831720172993e-14,-3.896702811581114e-14,-0.037899434841828984,1791548637.4974058
cmd,33.114000000000004,0,0,0,0.0,0.0,-0.09599999999999999,1791548637.5111902
cmd,33.134,0,0,0,0.0,0.0,-0.10799999999999998,1791548637.5311444
odom,33.12,2.1019172280815955e-12,9.759548853041443e-16,0.7723830333093695,4.054968754920452e-14,-3.9395309142503135e-14,-0.05437180232327266,1791548637.5470464
cmd,33.154,0,0,0,0.0,0.0,-0.11999999999999998,1791548637.5511026
cmd,33.174,0,0,0,0.0,0.0,-0.13199999999999998,1791548637.5711315
cmd,33.194,0,0,0,0.0,0.0,-0.144,1791548637.5911245
odom,33.16,2.104183957472346e-12,9.784114305373576e-16,0.7694637250204156,4.0823750423835587e-14,-3.9332086068119324e-14,-0.0883249595832173,1791548637.5971742
cmd,33.214,0,0,0,0.0,0.0,-0.156,1791548637.6112618
cmd,33.234,0,0,0,0.0,0.0,-0.168,1791548637.6311414
odom,33.24,2.108728297061305e-12,1.0078412087994699e-15,0.7609217300598791,4.1329298954770785e-14,-3.88933384896399e-14,-0.13006323263968053,1791548637.6469617
cmd,33.254000000000005,0,0,0,0.0,0.0,-0.18000000000000002,1791548637.6511452
cmd,33.274,0,0,0,0.0,0.0,-0.19200000000000003,1791548637.6711454
cmd,33.294000000000004,0,0,0,0.0,0.0,-0.20400000000000004,1791548637.6911259
odom,33.28,2.1110025170082584e-12,1.0285538645486225e-15,0.7552617937798063,4.1637412501537145e-14,-3.8586839353097723e-14,-0.15301728996187194,1791548637.697111
cmd,33.314,0,0,0,0.0,0.0,-0.21600000000000005,1791548637.7111552
cmd,33.334,0,0,0,0.0,0.0,-0.22800000000000006,1791548637.7311406
odom,33.32,2.1132779367019247e-12,1.0534993340900215e-15,0.7486511898231892,4.19921242818616e-14,-3.8241469562074487e-14,-0.17608170124000622,1791548637.7470686
cmd,33.354,0,0,0,0.0,0.0,-0.24000000000000007,1791548637.7510955
cmd,33.374,0,0,0,0.0,0.0,-0.25200000000000006,1791548637.7711718
cmd,33.394000000000005,0,0,0,0.0,0.0,-0.26400000000000007,1791548637.7911332
odom,33.36,2.115554758961593e-12,1.0827814381429244e-15,0.7409956914964076,4.238145955200849e-14,-3.785268889167702e-14,-0.20379201525088933,1791548637.797043
cmd,33.414,0,0,0,0.0,0.0,-0.2760000000000001,1791548637.8113656
cmd,33.434000000000005,0,0,0,0.0,0.0,-0.2880000000000001,1791548637.8311415
odom,33.44,2.1201132620058418e-12,1.155567857585888e-15,0.7224369562049349,4.329703536269035e-14,-3.6902842675955686e-14,-0.2544053110452369,1791548637.8470716
cmd,33.454,0,0,0,0.0,0.0,-0.3000000000000001,1791548637.8511605
cmd,33.474000000000004,0,0,0,0.0,0.0,-0.3120000000000001,1791548637.8711526
cmd,33.494,0,0,0,0.0,0.0,-0.3240000000000001,1791548637.8911479
odom,33.48,2.1223949316209295e-12,1.1797211591194456e-15,0.7109398001597776,4.3810181664595027e-14,-3.6353080943735094e-14,-0.29002183767550904,1791548637.8970473
cmd,33.514,0,0,0,0.0,0.0,-0.33600000000000013,1791548637.9111266
cmd,33.534,0,0,0,0.0,0.0,-0.34800000000000014,1791548637.9311502
odom,33.52,2.1246783846655066e-12,1.2280611487750582e-15,0.6987820400317117,4.4355560226978346e-14,-3.575560950461187e-14,-0.30834436938647375,1791548637.9469416
cmd,33.554,0,0,0,0.0,0.0,-0.36000000000000015,1791548637.951144
cmd,33.574000000000005,0,0,0,0.0,0.0,-0.37200000000000016,1791548637.9711401
cmd,33.594,0,0,0,0.0,0.0,-0.3840000000000002,1791548637.9911282
odom,33.56,2.1269638917935523e-12,1.2574003886324333e-15,0.6849064346590668,4.493632914404051e-14,-3.509723263821024e-14,-0.3463425234685318,1791548637.997229
cmd,33.614000000000004,0,0,0,0.0,0.0,-0.3960000000000002,1791548638.0112555
cmd,33.634,0,0,0,0.0,0.0,-0.4080000000000002,1791548638.0311644
odom,33.64,2.1315416178368903e-12,1.37729378061811e-15,0.655040184382,4.6202177950291016e-14,-3.360574468172754e-14,-0.3897361657863914,1791548638.047032
cmd,33.654,0,0,0,0.0,0.0,-0.4200000000000002,1791548638.0511222
cmd,33.674,0,0,0,0.0,0.0,-0.4320000000000002,1791548638.0711315
cmd,33.694,0,0,0,0.0,0.0,-0.44400000000000023,1791548638.0911229
odom,33.68,2.1338337429716105e-12,1.4443980477875764e-15,0.6386763409440955,4.686463168865852e-14,-3.277082640724833e-14,-0.41114986636209977,1791548638.0970798
cmd,33.714,0,0,0,0.0,0.0,-0.45600000000000024,1791548638.1112108
cmd,33.734,0,0,0,0.0,0.0,-0.46800000000000025,1791548638.1311343
odom,33.72,2.1361283957285867e-12,1.5160138412172223e-15,0.6213100194074599,4.7562111139464726e-14,-3.188522549854491e-14,-0.43664172708313764,1791548638.146972
cmd,33.754000000000005,0,0,0,0.0,0.0,-0.48000000000000026,1791548638.1511908
cmd,33.774,0,0,0,0.0,0.0,-0.49200000000000027,1791548638.1711593
cmd,33.794000000000004,0,0,0,0.0,0.0,-0.5040000000000002,1791548638.191116
odom,33.76,2.1384259047339206e-12,1.5928140428132222e-15,0.6027335490241393,4.827735165828062e-14,-3.0922300393380976e-14,-0.4685012350513491,1791548638.1974487
cmd,33.814,0,0,0,0.0,0.0,-0.5160000000000002,1791548638.2112074
cmd,33.834,0,0,0,0.0,0.0,-0.5280000000000002,1791548638.2311203
odom,33.84,2.1430294415787182e-12,1.7610660428514221e-15,0.5623938947990803,4.975783999596446e-14,-2.8807091914597577e-14,-0.5118791654922643,1791548638.247081
cmd,33.854,0,0,0,0.0,0.0,-0.5400000000000003,1791548638.2511601
cmd,33.874,0,0,0,0.0,0.0,-0.5520000000000003,1791548638.2711375
cmd,33.894000000000005,0,0,0,0.0,0.0,-0.5640000000000003,1791548638.291132
odom,33.88,2.145336053696404e-12,1.85203737280049e-15,0.5406853240000203,5.051230985788813e-14,-2.765919759830012e-14,-0.5364372403727603,1791548638.2971745
cmd,33.914,0,0,0,0.0,0.0,-0.5760000000000003,1791548638.3112104
cmd,33.934000000000005,0,0,0,0.0,0.0,-0.5880000000000003,1791548638.3311539
odom,33.92,2.1476468964847755e-12,1.904446920681545e-15,0.5161869693395533,5.127654982303429e-14,-2.6428209896566778e-14,-0.5723628992844108,1791548638.3469553
cmd,33.954,0,0,0,0.0,0.0,-0.6,1791548638.3511472
cmd,33.974000000000004,0,0,0,0.0,0.0,-0.6,1791548638.371167
cmd,33.994,0,0,0,0.0,0.0,-0.6,1791548638.39114
odom,33.96,2.1499615056844437e-12,1.958874881527011e-15,0.4901937195876824,5.2038045497796125e-14,-2.5127560663084045e-14,-0.6038727102230622,1791548638.3970237
cmd,34.014,0,0,0,0.0,0.0,-0.6,1791548638.4112484
cmd,34.034,0,0,0,0.0,0.0,-0.6,1791548638.4311657
odom,34.04,2.1545994306340905e-12,2.1189426344757128e-15,0.4368989612767775,5.342674692783458e-14,-2.236510577049656e-14,-0.6361298644151093,1791548638.446991
cmd,34.054,0,0,0,0.0,0.0,-0.588,1791548638.4511538
cmd,34.074000000000005,0,0,0,0.0,0.0,-0.576,1791548638.4711306
cmd,34.094,0,0,0,0.0,0.0,-0.5664641583958399,1791548638.4911983
odom,34.08,2.156920517279717e-12,2.174032887559425e-15,0.40843269497174495,5.4019734747034677e-14,-2.09400433933267e-14,-0.6420134474319013,1791548638.4973166
cmd,34.114000000000004,0,0,0,0.0,0.0,-0.5544641583958398,1791548638.5111718
cmd,34.134,0,0,0,0.0,0.0,-0.5424641583958398,1791548638.5311856
odom,34.12,2.159240023269291e-12,2.227101794710023e-15,0.38019732821681007,5.4468630059364573e-14,-1.9549383799149314e-14,-0.6263210114196363,1791548638.547025
cmd,34.154,0,0,0,0.0,0.0,-0.5304641583958398,1791548638.5511377
cmd,34.174,0,0,0,0.0,0.0,-0.5184641583958398,1791548638.5711527
cmd,34.194,0,0,0,0.0,0.0,-0.5064641583958398,1791548638.5911489
odom,34.16,2.161556377239278e-12,2.275991715704304e-15,0.35274392830547363,5.485481749371216e-14,-1.82013173263385e-14,-0.6088346824733869,1791548638.597024
cmd,34.214,0,0,0,0.0,0.0,-0.4944641583958398,1791548638.6111479
cmd,34.234,0,0,0,0.0,0.0,-0.4824641583958398,1791548638.6311595
odom,34.24,2.166177729101756e-12,2.4044411089397274e-15,0.30264792414187713,5.547214250993511e-14,-1.564311212147559e-14,-0.5708799964009409,1791548638.6469624
cmd,34.254000000000005,0,0,0,0.0,0.0,-0.47046415839583977,1791548638.6511657
cmd,34.274,0,0,0,0.0,0.0,-0.45846415839583976,1791548638.6711469
cmd,34.294000000000004,0,0,0,0.0,0.0,-0.44646415839583975,1791548638.6911526
odom,34.28,2.168482203799421e-12,2.4837784417822732e-15,0.2797944846392979,5.5700999495215235e-14,-1.444169080903712e-14,-0.5463849872026177,1791548638.697021
cmd,34.314,0,0,0,0.0,0.0,-0.43446415839583974,1791548638.7112794
cmd,34.334,0,0,0,0.0,0.0,-0.42246415839583973,1791548638.7311504
odom,34.32,2.1707832798886484e-12,2.5583284635285872e-15,0.25789231419256664,5.5919843607417255e-14,-1.3287070279682356e-14,-0.5240775473773979,1791548638.7469585
cmd,34.354,0,0,0,0.0,0.0,-0.4104641583958397,1791548638.7511337
cmd,34.374,0,0,0,0.0,0.0,-0.3984641583958397,1791548638.771162
cmd,34.394000000000005,0,0,0,0.0,0.0,-0.3864641583958397,1791548638.791149
odom,34.36,2.1730821562964297e-12,2.5899720574546064e-15,0.23559219230249084,5.6089229921807076e-14,-1.2181851679708604e-14,-0.48544948070489,1791548638.7972033
cmd,34.414,0,0,0,0.0,0.0,-0.3744641583958397,1791548638.8111358
cmd,34.434000000000005,0,0,0,0.0,0.0,-0.3624641583958397,1791548638.831164
odom,34.44,2.177670352909584e-12,2.6426043530989967e-15,0.19552115352142604,5.634859593691679e-14,-1.0155381395346763e-14,-0.4297737584105188,1791548638.846985
cmd,34.454,0,0,0,0.0,0.0,-0.35046415839583966,1791548638.8511763
cmd,34.474000000000004,0,0,0,0.0,0.0,-0.33846415839583965,1791548638.8711703
cmd,34.494,0,0,0,0.0,0.0,-0.32646415839583964,1791548638.8911698
odom,34.48,2.1799592900654045e-12,2.6978980285716075e-15,0.17844936979376233,5.644676754979711e-14,-9.22645167914318e-15,-0.41445688518152907,1791548638.8970718
cmd,34.514,0,0,0,0.0,0.0,-0.31446415839583963,1791548638.91139
cmd,34.534,0,0,0,0.0,0.0,-0.3024641583958396,1791548638.93116
odom,34.52,2.182245519104823e-12,2.7498710734122147e-15,0.1621660141313055,5.6514654786673664e-14,-8.35537838962378e-15,-0.38972011325831807,1791548638.946964
cmd,34.554,0,0,0,0.0,0.0,-0.2904641583958396,1791548638.951128
cmd,34.574000000000005,0,0,0,0.0,0.0,-0.2784641583958396,1791548638.9711266
cmd,34.594,0,0,0,0.0,0.0,-0.2664641583958396,1791548638.9911337
odom,34.56,2.184529203294391e-12,2.798171904962628e-15,0.1468515234223968,5.657245287146943e-14,-7.544805007299808e-15,-0.36649588739357697,1791548638.9970975
cmd,34.614000000000004,0,0,0,0.0,0.0,-0.2544641583958396,1791548639.011189
cmd,34.634,0,0,0,0.0,0.0,-0.24246415839583957,1791548639.0311882
odom,34.64,2.18909047906716e-12,2.857036545745414e-15,0.11855285822720374,5.6648934698244276e-14,-6.0963826734963556e-15,-0.31736115863761033,1791548639.0470343
cmd,34.654,0,0,0,0.0,0.0,-0.23046415839583956,1791548639.0511765
cmd,34.674,0,0,0,0.0,0.0,-0.21846415839583955,1791548639.0711198
cmd,34.694,0,0,0,0.0,0.0,-0.20646415839583954,1791548639.0911577
odom,34.68,2.1913683505421164e-12,2.8719488693251e-15,0.10570315396231367,5.6658289613945894e-14,-5.4683125019314e-15,-0.2824186186382467,1791548639.097168
cmd,34.714,0,0,0,0.0,0.0,-0.19446415839583953,1791548639.1112838
cmd,34.734,0,0,0,0.0,0.0,-0.18246415839583952,1791548639.1311727
odom,34.72,2.1936437756054515e-12,2.9055550775720186e-15,0.09473795584954914,5.6666802924347243e-14,-4.8927906749088734e-15,-0.2641355333630336,1791548639.1471405
cmd,34.754000000000005,0,0,0,0.0,0.0,-0.1704641583958395,1791548639.151148
cmd,34.774,0,0,0,0.0,0.0,-0.1584641583958395,1791548639.1711543
cmd,34.794000000000004,0,0,0,0.0,0.0,-0.14646415839583948,1791548639.1911566
odom,34.76,2.1959178313794198e-12,2.936166197797477e-15,0.0846532648011884,5.668196496398898e-14,-4.386999696238918e-15,-0.23884058825571727,1791548639.1972246
cmd,34.814,0,0,0,0.0,0.0,-0.13446415839583947,1791548639.211184
cmd,34.834,0,0,0,0.0,0.0,-0.12246415839583948,1791548639.2311728
odom,34.84,2.2004619582832085e-12,2.9876386856047167e-15,0.06762488491581388,5.667224189999682e-14,-3.538741433490263e-15,-0.18860619448749866,1791548639.246977
cmd,34.854,0,0,0,0.0,0.0,-0.11046415839583948,1791548639.2511714
cmd,34.874,0,0,0,0.0,0.0,-0.09846415839583948,1791548639.2711272
cmd,34.894000000000005,0,0,0,0.0,0.0,-0.08646415839583949,1791548639.2911615
odom,34.88,2.2027321640494703e-12,3.0089003263212805e-15,0.06064456384219552,5.666026961702934e-14,-3.2055306309981435e-15,-0.16202349025366844,1791548639.2970028
cmd,34.914,0,0,0,0.0,0.0,-0.07446415839583949,1791548639.3111775
cmd,34.934000000000005,0,0,0,0.0,0.0,-0.06246415839583949,1791548639.3311753
odom,34.92,2.205001498180989e-12,3.026954980058269e-15,0.054743859951179814,5.66586357278628e-14,-2.94089950849859e-15,-0.13567575218171704,1791548639.347056
cmd,34.954,0,0,0,0.0,0.0,-0.05887029121582175,1791548639.3511693
cmd,34.974000000000004,0,0,0,0.0,0.0,-0.05890377191824354,1791548639.371184
cmd,34.994,0,0,0,0.0,0.0,-0.05893725262066534,1791548639.3911872
odom,34.96,2.207270259327485e-12,3.0415983996802576e-15,0.04996833547763346,5.665322854550841e-14,-2.73703355557469e-15,-0.10647235147823374,1791548639.397173
cmd,35.014,0,0,0,0.0,0.0,-0.06059311420223876,1791548639.4113271
cmd,35.034,0,0,0,0.0,0.0,-0.06062372958997643,1791548639.4311821
odom,35.04,2.2118067984564723e-12,3.0638988803192597e-15,0.043159871095556746,5.665642799863525e-14,-2.4250666842940594e-15,-0.0713417288271159,1791548639.4469676
cmd,35.054,0,0,0,0.0,0.0,-0.060690741939238,1791548639.4511762
cmd,35.074000000000005,0,0,0,0.0,0.0,-0.060717272248346416,1791548639.47118
cmd,35.094,0,0,0,0.0,0.0,-0.060743802557454846,1791548639.4911728
odom,35.08,2.2140748221358084e-12,3.07334613129276e-15,0.04061846463611207,5.666074491837176e-14,-2.2694042779868256e-15,-0.061338195580532016,1791548639.4971337
cmd,35.114000000000004,0,0,0,0.0,0.0,-0.05969551303199156,1791548639.511199
cmd,35.134,0,0,0,0.0,0.0,-0.059720518497224324,1791548639.5311818
odom,35.12,2.2163428816673555e-12,3.08247868213049e-15,0.038246376451606785,5.667003520948364e-14,-2.1127344932956533e-15,-0.06226976140725128,1791548639.5470524
cmd,35.154,0,0,0,0.0,0.0,-0.05514829393808511,1791548639.5511534
cmd,35.174,0,0,0,0.0,0.0,-0.05517187615040717,1791548639.5711567
cmd,35.194,0,0,0,0.0,0.0,-0.055195458362729224,1791548639.591137
odom,35.16,2.2186110262496693e-12,3.085919699744878e-15,0.035686057324689095,5.6672867557912145e-14,-1.9632500908890586e-15,-0.06356985869503214,1791548639.5971713
cmd,35.214000000000006,0,0,0,0.0,0.0,-0.05015389590439999,1791548639.6112163
cmd,35.234,0,0,0,0.0,0.0,-0.050175941925245895,1791548639.6311839
odom,35.24,2.223147194750781e-12,3.1039146695578844e-15,0.03082299512849929,5.668306635757429e-14,-1.68097279345319e-15,-0.06117855889200659,1791548639.6470387
cmd,35.254000000000005,0,0,0,0.0,0.0,-0.042278513086691366,1791548639.6511836
cmd,35.274,0,0,0,0.0,0.0,-0.04229764127021955,1791548639.671145
cmd,35.294000000000004,0,0,0,0.0,0.0,-0.04231676945374775,1791548639.6911712
odom,35.28,2.225415268614442e-12,3.1075139249818297e-15,0.028412036202307256,5.6683462088138785e-14,-1.5473232062019934e-15,-0.057195885965136736,1791548639.6972387
cmd,35.314,0,0,0,0.0,0.0,-0.03938866051917902,1791548639.711203
cmd,35.334,0,0,0,0.0,0.0,-0.039406342127351494,1791548639.7311468
odom,35.32,2.2276831892081424e-12,3.11541261280984e-15,0.02624914379390386,5.668352948380948e-14,-1.432958134281591e-15,-0.05366610062724567,1791548639.7470455
cmd,35.354,0,0,0,0.0,0.0,-0.03676494453321469,1791548639.751166
cmd,35.374,0,0,0,0.0,0.0,-0.03678132840594212,1791548639.7712014
cmd,35.394000000000005,0,0,0,0.0,0.0,-0.036797712278669556,1791548639.7911906
odom,35.36,2.2299511434788983e-12,3.1229355274216798e-15,0.024225617854696235,5.668920590547954e-14,-1.3329011983065584e-15,-0.050434297320438484,1791548639.7970872
cmd,35.414,0,0,0,0.0,0.0,-0.03430166650264225,1791548639.8112187
cmd,35.434000000000005,0,0,0,0.0,0.0,-0.03431683625980616,1791548639.831201
odom,35.44,2.234486705605586e-12,3.1368521614674103e-15,0.020680863968442594,5.6685881372693756e-14,-1.135346536024399e-15,-0.04052519773728853,1791548639.8470542
cmd,35.454,0,0,0,0.0,0.0,-0.031417507023484254,1791548639.8511896
cmd,35.474000000000004,0,0,0,0.0,0.0,-0.03143054992831641,1791548639.8711793
cmd,35.494,0,0,0,0.0,0.0,-0.03144359283314857,1791548639.8911817
odom,35.48,2.2367545087794324e-12,3.143392107911834e-15,0.019103076300206467,5.6691039077485343e-14,-1.0498592347099067e-15,-0.04134426329204638,1791548639.897016
cmd,35.514,0,0,0,0.0,0.0,-0.028328998318389517,1791548639.9112568
cmd,35.534,0,0,0,0.0,0.0,-0.028341094550620734,1791548639.9311914
odom,35.52,2.2390223736635387e-12,3.1496209878982244e-15,0.01756546233555545,5.669197979896776e-14,-9.701218426543311e-16,-0.0382919903010245,1791548639.94693
cmd,35.554,0,0,0,0.0,0.0,-0.026652858624958975,1791548639.9511662
cmd,35.574000000000005,0,0,0,0.0,0.0,-0.026664032288811396,1791548639.971177
cmd,35.594,0,0,0,0.0,0.0,-0.026675205952663823,1791548639.9911385
odom,35.56,2.2412901033280874e-12,3.1554998155707978e-15,0.016142666445722927,5.6687328348973956e-14,-8.92856274063443e-16,-0.035583162563980544,1791548639.9972088
cmd,35.614000000000004,0,0,0,0.0,0.0,-0.025072583045249206,1791548640.0112941
cmd,35.634,0,0,0,0.0,0.0,-0.025082903031567728,1791548640.0311751
odom,35.64,2.2458256321347214e-12,3.1662782973636132e-15,0.013687709758247735,5.6690262456769144e-14,-7.587090602731849e-16,-0.02988652802853175,1791548640.047013
cmd,35.654,0,0,0,0.0,0.0,-0.022666650093825506,1791548640.0511937
cmd,35.674,0,0,0,0.0,0.0,-0.022675497106131544,1791548640.071172
cmd,35.694,0,0,0,0.0,0.0,-0.02268434411843758,1791548640.0911717
odom,35.68,2.2480933162268225e-12,3.171405416469478e-15,0.01252927811399074,5.6691250042494137e-14,-6.935119630607187e-16,-0.030656075809327617,1791548640.0972283
cmd,35.714000000000006,0,0,0,0.0,0.0,-0.02033797738881593,1791548640.111208
cmd,35.734,0,0,0,0.0,0.0,-0.020346129342135415,1791548640.1312044
odom,35.72,2.250361008257203e-12,3.1740705782384056e-15,0.01141909041899325,5.6691142613303923e-14,-6.32519250225768e-16,-0.025215526519780183,1791548640.1469805
cmd,35.754000000000005,0,0,0,0.0,0.0,-0.020259469583184024,1791548640.1511898
cmd,35.774,0,0,0,0.0,0.0,-0.020266955423886512,1791548640.171191
cmd,35.794000000000004,0,0,0,0.0,0.0,-0.020274441264589,1791548640.191175
odom,35.76,2.2526287487675437e-12,3.178580019019363e-15,0.010503331447894837,5.6694802846688735e-14,-5.781085723340238e-16,-0.022766319215637848,1791548640.1972206
cmd,35.814,0,0,0,0.0,0.0,-0.019490234058381503,1791548640.2112377
cmd,35.834,0,0,0,0.0,0.0,-0.019497170443701334,1791548640.2311966
odom,35.84,2.2571640947985397e-12,3.1857512932516996e-15,0.008629145719064812,5.6690233249796155e-14,-4.73444082983824e-16,-0.025014293920744793,1791548640.2469974
cmd,35.854,0,0,0,0.0,0.0,0.0,1791548640.251202
cmd,35.874,0,0,0,0.0,0.0,0.0,1791548640.2711706
cmd,35.894000000000005,0,0,0,0.0,0.0,0.0,1791548640.2911742
odom,35.88,2.259431721330787e-12,3.1884022879356385e-15,0.007676588017321962,5.669221151898279e-14,-4.232287138717311e-16,-0.02330937351746803,1791548640.2972329
cmd,35.914,0,0,0,0.0,0.0,0.0,1791548640.3112335
cmd,35.934000000000005,0,0,0,0.0,0.0,0.0,1791548640.3311884
odom,35.92,2.2611869926655356e-12,3.1572068285988794e-15,0.006903117053933983,3.353578222362483e-14,-2.450769273897509e-16,-0.017289042652983224,1791548640.347121
cmd,35.954,0,0,0,0.0,0.0,0.0,1791548640.3511775
cmd,35.974000000000004,0,0,0,0.0,0.0,0.0,1791548640.3711803
cmd,35.994,0,0,0,0.0,0.0,0.0,1791548640.3911858
odom,35.96,2.2624344248004994e-12,3.15396306609701e-15,0.006484818468599496,2.9286069856580633e-14,-2.1246760274162695e-16,-0.006088464687896492,1791548640.3970723
cmd,36.014,0,0,0,0.0,0.0,0.0,1791548640.411354
cmd,36.034,0,0,0,0.0,0.0,0.0,1791548640.431181
odom,36.04,2.2647261397427766e-12,3.1583103384212095e-15,0.0063459225643600625,2.83672497178695e-14,-2.053340408899222e-16,-0.0020340844164016833,1791548640.4470341
cmd,36.054,0,0,0,0.0,0.0,0.0,1791548640.4511971
cmd,36.074000000000005,0,0,0,0.0,0.0,0.0,1791548640.4712512
cmd,36.094,0,0,0,0.0,0.0,0.0,1791548640.4911888
odom,36.08,2.2658603753796553e-12,3.1612113492148287e-15,0.006266398190934552,2.834097065927188e-14,-2.0508409035361755e-16,-0.005263330760660182,1791548640.4972906
cmd,36.114000000000004,0,0,0,0.0,0.0,0.0,1791548640.511431
cmd,36.134,0,0,0,0.0,0.0,0.0,1791548640.5312178
odom,36.12,2.266994017304374e-12,3.163979547147691e-15,0.006229421277142766,2.8335192285887042e-14,-2.0546588023892853e-16,0.0003800940956853265,1791548640.5470593
cmd,36.154,0,0,0,0.0,0.0,0.0,1791548640.5512204
cmd,36.174,0,0,0,0.0,0.0,0.0,1791548640.571159
cmd,36.194,0,0,0,0.0,0.0,0.0,1791548640.5911887
odom,36.16,2.2681275472416598e-12,3.1664500092113485e-15,0.006340940062019128,2.8334712992157348e-14,-2.055563107586893e-16,0.002233970532812584,1791548640.597025
cmd,36.214000000000006,0,0,0,0.0,0.0,0.0,1791548640.611205
cmd,36.234,0,0,0,0.0,0.0,0.0,1791548640.631191
odom,36.24,2.2703945434184686e-12,3.1712759954008096e-15,0.0064470154368381225,2.833491469522301e-14,-2.0530817096740886e-16,-1.0799107311510473e-05,1791548640.647266
cmd,36.254000000000005,0,0,0,0.0,0.0,0.0,1791548640.65123
cmd,36.274,0,0,0,0.0,0.0,0.0,1791548640.6711798
cmd,36.294000000000004,0,0,0,0.0,0.0,0.0,1791548640.6911855
odom,36.28,2.271528122980364e-12,3.1735705273041384e-15,0.0064933134833560216,2.8336970264687325e-14,-2.0522101854782572e-16,-0.0004098638726049334,1791548640.6970694
cmd,36.314,0,0,0,0.0,0.0,0.0,1791548640.7112644
cmd,36.334,0,0,0,0.0,0.0,0.0,1791548640.7311957
odom,36.32,2.2726617023574416e-12,3.1759151999898523e-15,0.006480536167549734,2.8335301459511578e-14,-2.050287256720883e-16,-0.0030550974595669115,1791548640.7471366
cmd,36.354,0,0,0,0.0,0.0,0.0,1791548640.751184
cmd,36.374,0,0,0,0.0,0.0,0.0,1791548640.771236
cmd,36.394000000000005,0,0,0,0.0,0.0,0.0,1791548640.7911947
odom,36.36,2.273795238234598e-12,3.178290087420157e-15,0.006422111099835259,2.833461647299648e-14,-2.05248235445559e-16,-0.0026669134757862597,1791548640.7972066
cmd,36.414,0,0,0,0.0,0.0,0.0,1791548640.8113613
cmd,36.434000000000005,0,0,0,0.0,0.0,0.0,1791548640.8312132
odom,36.44,2.2760622758445336e-12,3.1829568678331014e-15,0.006345167631866655,2.8334979426493683e-14,-2.048348291159475e-16,-0.005298128225305977,1791548640.8470564
cmd,36.454,0,0,0,0.0,0.0,0.0,1791548640.8511717
cmd,36.474000000000004,0,0,0,0.0,0.0,0.0,1791548640.871188
cmd,36.494,0,0,0,0.0,0.0,0.0,1791548640.8911932
odom,36.48,2.2771958058513384e-12,3.1854863138273933e-15,0.006192650671455358,2.8334571874782065e-14,-2.0505565065989982e-16,-0.0054974392801554915,1791548640.897059
cmd,36.514,0,0,0,0.0,0.0,0.0,1791548640.9112105
cmd,36.534,0,0,0,0.0,0.0,0.0,1791548640.9311879
odom,36.52,2.2783293624010312e-12,3.187784308986397e-15,0.006172480861730723,2.8336028550624266e-14,-2.0520677567840872e-16,0.0015607242822026695,1791548640.9470127
cmd,36.554,0,0,0,0.0,0.0,0.0,1791548640.9511945
cmd,36.574000000000005,0,0,0,0.0,0.0,0.0,1791548640.9711957
cmd,36.594,0,0,0,0.0,0.0,0.0,1791548640.9911535
odom,36.56,2.2794628902182154e-12,3.1899556588720905e-15,0.00623599386457263,2.833356228933177e-14,-2.0541210806463645e-16,-0.0015674284050289098,1791548640.9971108
cmd,36.614000000000004,0,0,0,0.0,0.0,0.0,1791548641.011285
cmd,36.634,0,0,0,0.0,0.0,0.0,1791548641.0312092
odom,36.64,2.281729853778044e-12,3.1944942645683692e-15,0.006141889199125839,2.833511815624508e-14,-2.0535449275571587e-16,-0.003489355266350033,1791548641.0470386
cmd,36.654,0,0,0,0.0,0.0,0.0,1791548641.0512261
cmd,36.674,0,0,0,0.0,0.0,0.0,1791548641.07121
cmd,36.694,0,0,0,0.0,0.0,0.0,1791548641.0911913
odom,36.68,2.2828633997575405e-12,3.19677698063675e-15,0.006073544872492231,2.8335021338825515e-14,-2.053596128989369e-16,-0.0032258999489767257,1791548641.097275
cmd,36.714000000000006,0,0,0,0.0,0.0,0.0,1791548641.1112452
cmd,36.734,0,0,0,0.0,0.0,0.0,1791548641.1311955
odom,36.72,2.2839969505716693e-12,3.199109265408206e-15,0.005982820611371675,2.8335308567562583e-14,-2.0534104336888447e-16,-0.0048146968996419315,1791548641.1470814
cmd,36.754000000000005,0,0,0,0.0,0.0,0.0,1791548641.1511989
cmd,36.774,0,0,0,0.0,0.0,0.0,1791548641.1711931
cmd,36.794000000000004,0,0,0,0.0,0.0,0.0,1791548641.1911685
odom,36.76,2.285130507209756e-12,3.201469659371152e-15,0.005876648533890806,2.833533863728475e-14,-2.0517973830418607e-16,-0.004078943273699943,1791548641.197141
cmd,36.814,0,0,0,0.0,0.0,0.0,1791548641.211234
cmd,36.834,0,0,0,0.0,0.0,0.0,1791548641.231215
odom,36.84,2.2873976425113893e-12,3.205914698625936e-15,0.005834333590547302,2.8335549627443324e-14,-2.0544190983710354e-16,-0.001811535171898413,1791548641.2471673
cmd,36.854,0,0,0,0.0,0.0,0.0,1791548641.2512026
cmd,36.874,0,0,0,0.0,0.0,0.0,1791548641.271196
cmd,36.894000000000005,0,0,0,0.0,0.0,0.0,1791548641.291216
odom,36.88,2.288531213515697e-12,3.2081032195145764e-15,0.0058110775064359466,2.8335692610975947e-14,-2.0537277560606102e-16,-0.0030914050716465574,1791548641.2970846
cmd,36.914,0,0,0,0.0,0.0,0.0,1791548641.3112214
cmd,36.934000000000005,0,0,0,0.0,0.0,0.0,1791548641.3311944
odom,36.92,2.2896647838149844e-12,3.2102265764858104e-15,0.005801829154698178,2.8335495766479532e-14,-2.0544860537506396e-16,-0.0009978014628305018,1791548641.347067
cmd,36.954,0,0,0,0.0,0.0,0.0,1791548641.3511794
cmd,36.974000000000004,0,0,0,0.0,0.0,0.0,1791548641.3711967
cmd,36.994,0,0,0,0.0,0.0,0.0,1791548641.3912039
odom,36.96,2.2907983935685562e-12,3.212237487494838e-15,0.0058476072774582555,2.8337359326095088e-14,-2.0550542892347376e-16,-0.00031008380361260393,1791548641.3970165
cmd,37.014,0,0,0,0.0,0.0,0.0,1791548641.411232
cmd,37.034,0,0,0,0.0,0.0,0.0,1791548641.4311767
odom,37.04,2.2930656045923908e-12,3.2160901599883573e-15,0.005949567751574847,2.8337858711546247e-14,-2.0523073459727788e-16,-0.0005674739334756021,1791548641.4469643
cmd,37.054,0,0,0,0.0,0.0,0.0,1791548641.4512076
cmd,37.074000000000005,0,0,0,0.0,0.0,0.0,1791548641.4712021
cmd,37.094,0,0,0,0.0,0.0,0.0,1791548641.4911966
odom,37.08,2.2941992438212803e-12,3.217841847615361e-15,0.006056469860000745,2.8336686205822187e-14,-2.0512529849751728e-16,0.0027628946615115744,1791548641.4969854
cmd,37.114000000000004,0,0,0,0.0,0.0,0.0,1791548641.5112264
cmd,37.134,0,0,0,0.0,0.0,0.0,1791548641.5312066
odom,37.12,2.295332868340907e-12,3.219472960822087e-15,0.0062002660962385825,2.8336838559206384e-14,-2.0576113244485348e-16,0.001342134410338022,1791548641.54697
cmd,37.154,0,0,0,0.0,0.0,0.0,1791548641.5511649
cmd,37.174,0,0,0,0.0,0.0,0.0,1791548641.5711694
cmd,37.194,0,0,0,0.0,0.0,0.0,1791548641.5912094
odom,37.16,2.2964664643972415e-12,3.2210776144993864e-15,0.006302264569418181,2.833546782847228e-14,-2.053463016962959e-16,0.0008743786746519098,1791548641.597103
cmd,37.214000000000006,0,0,0,0.0,0.0,0.0,1791548641.6113474
cmd,37.234,0,0,0,0.0,0.0,0.0,1791548641.6312056
odom,37.24,2.298733648614979e-12,3.224082818765691e-15,0.0065183423864945125,2.833649171236977e-14,-2.053792181500166e-16,0.0024819851195438214,1791548641.647005
cmd,37.254000000000005,0,0,0,0.0,0.0,0.0,1791548641.6512723
cmd,37.274,0,0,0,0.0,0.0,0.0,1791548641.671253
cmd,37.294000000000004,0,0,0,0.0,0.0,0.0,1791548641.6911764
odom,37.28,2.2998672497637087e-12,3.2255600332581627e-15,0.006593165026023585,2.8335792830970173e-14,-2.055467321690997e-16,-0.0012674912197559683,1791548641.6974454
cmd,37.314,0,0,0,0.0,0.0,0.0,1791548641.711281
cmd,37.334,0,0,0,0.0,0.0,0.0,1791548641.7312105
odom,37.32,2.3010008767997537e-12,3.227007535389289e-15,0.006645637945529525,2.8337447445443312e-14,-2.05388133133215e-16,0.0016900802243901617,1791548641.7470517
cmd,37.354,0,0,0,0.0,0.0,0.0,1791548641.7512016
cmd,37.374,0,0,0,0.0,0.0,0.0,1791548641.7712154
cmd,37.394000000000005,0,0,0,0.0,0.0,0.0,1791548641.791239
odom,37.36,2.3021344990910418e-12,3.228310238947564e-15,0.006773971605107399,2.8335909942748758e-14,-2.0555578917027861e-16,0.002661099463440505,1791548641.797271
cmd,37.414,0,0,0,0.0,0.0,0.0,1791548641.8112411
cmd,37.434000000000005,0,0,0,0.0,0.0,0.0,1791548641.83122
odom,37.44,2.3044016883027403e-12,3.2308551041270153e-15,0.006960840307380423,2.8335964286881846e-14,-2.057578327017531e-16,0.0011376733521695007,1791548641.8469582
cmd,37.454,0,0,0,0.0,0.0,0.0,1791548641.851206
cmd,37.474000000000004,0,0,0,0.0,0.0,0.0,1791548641.8712087
cmd,37.494,0,0,0,0.0,0.0,0.0,1791548641.8912008
odom,37.48,2.305535318637176e-12,3.232142197786889e-15,0.0070100198280247375,2.8337335838951985e-14,-2.053585773131941e-16,-0.00045552887233935393,1791548641.8970232
cmd,37.514,0,0,0,0.0,0.0,0.0,1791548641.9112885
cmd,37.534,0,0,0,0.0,0.0,0.0,1791548641.9314275
odom,37.52,2.3066689350320886e-12,3.233446576113623e-15,0.007023719386317406,2.833561315340589e-14,-2.0562615280356958e-16,-0.0005602319343001262,1791548641.947139
cmd,37.554,0,0,0,0.0,0.0,0.0,1791548641.951193
cmd,37.574000000000005,0,0,0,0.0,0.0,0.0,1791548641.9711952
cmd,37.594,0,0,0,0.0,0.0,0.0,1791548641.9912088
odom,37.56,2.307802542464329e-12,3.234818987470838e-15,0.00698723282995939,2.8336547710606852e-14,-2.0539881828015246e-16,-0.003108534267032924,1791548641.997025
cmd,37.614000000000004,0,0,0,0.0,0.0,0.0,1791548642.0112245
cmd,37.634,0,0,0,0.0,0.0,0.0,1791548642.031228
odom,37.64,2.310069802690071e-12,3.2376776542624997e-15,0.006824691496934322,2.8337246978498917e-14,-2.058827813297433e-16,-0.0026872716571378404,1791548642.0469768
cmd,37.654,0,0,0,0.0,0.0,0.0,1791548642.051225
cmd,37.674,0,0,0,0.0,0.0,0.0,1791548642.07121
cmd,37.694,0,0,0,0.0,0.0,0.0,1791548642.0912523
odom,37.68,2.3112033978342865e-12,3.239071469577896e-15,0.00676984180041007,2.8334722544405576e-14,-2.0579521028850064e-16,-0.0021297546262850995,1791548642.0972016
cmd,37.714000000000006,0,0,0,0.0,0.0,0.0,1791548642.1112504
cmd,37.734,0,0,0,0.0,0.0,0.0,1791548642.1312013
odom,37.72,2.3123369757076063e-12,3.2404086844542222e-15,0.006762609728848456,2.833586137845978e-14,-2.056380636399934e-16,-0.000270349879867557,1791548642.14702
cmd,37.754000000000005,0,0,0,0.0,0.0,0.0,1791548642.1511946
cmd,37.774,0,0,0,0.0,0.0,0.0,1791548642.1712034
cmd,37.794000000000004,0,0,0,0.0,0.0,0.0,1791548642.1912231
odom,37.76,2.313470574249842e-12,3.241750872127978e-15,0.006757328052794164,2.8335903751872503e-14,-2.053596003469344e-16,-0.0021733847535437187,1791548642.197284
cmd,37.814,0,0,0,0.0,0.0,0.0,1791548642.2112408
cmd,37.834,0,0,0,0.0,0.0,0.0,1791548642.2312403
odom,37.84,2.315737822200787e-12,3.2445390833784686e-15,0.006648215474046371,2.8336517901015827e-14,-2.056154138220234e-16,-0.0021653058747372923,1791548642.246984
cmd,37.854,0,0,0,0.0,0.0,0.0,1791548642.251203
cmd,37.874,0,0,0,0.0,0.0,0.0,1791548642.2712224
cmd,37.894000000000005,0,0,0,0.0,0.0,0.0,1791548642.2912207
odom,37.88,2.3168714373400444e-12,3.2458746272349644e-15,0.006635881496885877,2.833608128296603e-14,-2.0549901067850912e-16,-0.0007000549972564891,1791548642.297053
cmd,37.914,0,0,0,0.0,0.0,0.0,1791548642.3113372
cmd,37.934000000000005,0,0,0,0.0,0.0,0.0,1791548642.331234
odom,37.92,2.3180050497913014e-12,3.2472874841731156e-15,0.00656831630284449,2.833626504823395e-14,-2.0572033487169503e-16,-0.005246300992597718,1791548642.347023
cmd,37.954,0,0,0,0.0,0.0,0.0,1791548642.3512166
cmd,37.974000000000004,0,0,0,0.0,0.0,0.0,1791548642.3712275
cmd,37.994,0,0,0,0.0,0.0,0.0,1791548642.391222
odom,37.96,2.3191386583111887e-12,3.2488579678077887e-15,0.006383610169951037,2.8335983186409027e-14,-2.0539757764084378e-16,-0.00673899555281725,1791548642.3970358
cmd,38.014,0,0,0,0.0,0.0,0.0,1791548642.4112332
cmd,38.034,0,0,0,0.0,0.0,0.0,1791548642.4312387
odom,38.04,2.321405929526455e-12,3.2518884417454265e-15,0.0061515113896408735,2.8335960851542664e-14,-2.0541006441670252e-16,-0.000414484115977605,1791548642.4469535
cmd,38.054,0,0,0,0.0,0.0,0.0,1791548642.4512165
cmd,38.074000000000005,0,0,0,0.0,0.0,0.0,1791548642.4712164
cmd,38.094,0,0,0,0.0,0.0,0.0,1791548642.4912155
odom,38.08,2.3225395610807116e-12,3.2531695478910916e-15,0.006223758890388619,2.8337176484748794e-14,-2.052618367032505e-16,0.0011357283870765164,1791548642.497239
cmd,38.114000000000004,0,0,0,0.0,0.0,0.0,1791548642.5113554
cmd,38.134,0,0,0,0.0,0.0,0.0,1791548642.5312333
odom,38.12,2.3236732114954358e-12,3.25449831718724e-15,0.0062404020737116825,2.8337032522159898e-14,-2.058084199105207e-16,-0.0033832560178304744,1791548642.5469773
cmd,38.154,0,0,0,0.0,0.0,0.0,1791548642.5511816
cmd,38.174,0,0,0,0.0,0.0,0.0,1791548642.571209
cmd,38.194,0,0,0,0.0,0.0,0.0,1791548642.591211
odom,38.16,2.324806845840086e-12,3.2558367560350836e-15,0.006224213187095539,2.8336453179273093e-14,-2.0562531865666235e-16,-0.00025901556845495414,1791548642.5972652
cmd,38.214000000000006,0,0,0,0.0,0.0,0.0,1791548642.6112149
cmd,38.234,0,0,0,0.0,0.0,0.0,1791548642.6312423
odom,38.24,2.3270741157350416e-12,3.258226060148845e-15,0.006397172279666296,2.8336466955937077e-14,-2.0556723393247047e-16,0.0019417601898821801,1791548642.6471102
cmd,38.254000000000005,0,0,0,0.0,0.0,0.0,1791548642.6512277
cmd,38.274,0,0,0,0.0,0.0,0.0,1791548642.6712136
cmd,38.294000000000004,0,0,0,0.0,0.0,0.0,1791548642.6912053
odom,38.28,2.328207788273102e-12,3.2593768401218994e-15,0.006492255829911642,2.83384497078492e-14,-2.057012545808222e-16,0.00023187955706597358,1791548642.6970894
cmd,38.314,0,0,0,0.0,0.0,0.0,1791548642.7113342
cmd,38.334,0,0,0,0.0,0.0,0.0,1791548642.7312236
odom,38.32,2.32934149438444e-12,3.260565228783608e-15,0.006539579545234986,2.833844244197802e-14,-2.0543679102411178e-16,-0.00033046386170043846,1791548642.746975
cmd,38.354,0,0,0,0.0,0.0,0.0,1791548642.7512226
odom,38.36,2.330475138008732e-12,3.261856172359509e-15,0.0065001805352369315,2.833570538124699e-14,-2.0540883605353494e-16,-0.004286228197588945,1791548642.797301
odom,38.44,2.3327424152471858e-12,3.264437546994599e-15,0.006407790298212923,2.8337294745274883e-14,-2.060385161748633e-16,0.0006800817446286811,1791548642.847137
odom,38.48,2.333876083577226e-12,3.26558763260602e-15,0.0064615833124097586,2.833759778288632e-14,-2.0572674623246067e-16,-0.0006015679228963561,1791548642.896978
odom,38.52,2.335009731493628e-12,3.266734752384863e-15,0.006503620722616343,2.8336443388168808e-14,-2.0588080133969635e-16,0.00023395686005128023,1791548642.9470544
odom,38.56,2.336143365739903e-12,3.267918956346831e-15,0.006511423435748398,2.833670064127334e-14,-2.0576184765629344e-16,-0.0024246946561347076,1791548642.9970224
odom,38.64,2.3384106382149174e-12,3.270350628908402e-15,0.006458119430883258,2.833703606408023e-14,-2.0568140692508386e-16,-0.0003764843725304423,1791548643.0470505
odom,38.68,2.3395443028049347e-12,3.2715530802239926e-15,0.006443452975764874,2.8337534357438803e-14,-2.0572824066587265e-16,-0.003043816435249042,1791548643.0971093
odom,38.72,2.3406779411690433e-12,3.2727640540515506e-15,0.006414137874851456,2.8336033037101406e-14,-2.055608272879164e-16,-0.0009870198701226376,1791548643.1471245
odom,38.76,2.3418115558226356e-12,3.2739169399808073e-15,0.006439647334293142,2.833610172937177e-14,-2.0525772579790465e-16,-0.00031123859868341207,1791548643.1973166
odom,38.84,2.344078873304793e-12,3.276243977051085e-15,0.006452703047863827,2.8337506838924735e-14,-2.0548803878690836e-16,-0.002386891294482387,1791548643.2470167
odom,38.88,2.345212539410416e-12,3.2774720089919486e-15,0.006393294974285091,2.8337181824686085e-14,-2.057244221238166e-16,-0.003285130802322009,1791548643.2970517
odom,38.92,2.3463462047159665e-12,3.2786883406709735e-15,0.006343490352214598,2.8337398788772153e-14,-2.054903795303827e-16,-0.001903825762228551,1791548643.3470345
odom,38.96,2.3474798883156913e-12,3.279779364297264e-15,0.006394113493293219,2.8337997433387124e-14,-2.0563141799397715e-16,0.0019019793693502462,1791548643.3971963
odom,39.04,2.3497472378448364e-12,3.2817727189158677e-15,0.006628042624023501,2.8337302680804334e-14,-2.0541023006511495e-16,0.0003530443348193908,1791548643.4471672
odom,39.08,2.35088089716192e-12,3.2828759491322224e-15,0.006642936107589037,2.8336981416624044e-14,-2.0547379933463906e-16,-0.001967582210589007,1791548643.497378
odom,39.12,2.352014563334705e-12,3.284052139889819e-15,0.006596519202655582,2.8337513194478556e-14,-2.0525641167206544e-16,-0.0027299072105501808,1791548643.546991
odom,39.16,2.353148236064229e-12,3.2852487504037742e-15,0.006531529447654449,2.833738177072749e-14,-2.054365461705721e-16,-0.0029799240270646605,1791548643.5971344
odom,39.24,2.3554155296305255e-12,3.287679915948524e-15,0.0063610475078261786,2.8337142115802458e-14,-2.056839895209498e-16,-0.004763675879334119,1791548643.647106
odom,39.28,2.3565491969724604e-12,3.288961788208714e-15,0.006218576272978282,2.833739775180076e-14,-2.0574006074277755e-16,-0.005321964354662964,1791548643.697258
odom,39.32,2.3576828620859732e-12,3.2901407358559844e-15,0.006159853308209673,2.8337108853899936e-14,-2.0583652260219273e-16,-0.00047664636203079494,1791548643.7471764
odom,39.36,2.3588165247006812e-12,3.2912134954804465e-15,0.006198634541668024,2.8337230529158154e-14,-2.0543733125009696e-16,-0.0005606108864413436,1791548643.797138
odom,39.44,2.3610838616219507e-12,3.293419477050605e-15,0.006214763435716365,2.8336426532558898e-14,-2.0568972770555111e-16,-0.0017109515221915676,1791548643.8469777
odom,39.48,2.3622175221704415e-12,3.294479507696378e-15,0.00625083722784714,2.8337580480243274e-14,-2.055135542183409e-16,0.0007094220826143165,1791548643.8970757
odom,39.52,2.3633511542029773e-12,3.2954646951822064e-15,0.006341438242414287,2.833551073194402e-14,-2.0566675364634576e-16,0.0010851407313952027,1791548643.9472058
odom,39.56,2.364484774416962e-12,3.2964605562180634e-15,0.006415611830526746,2.8336466878332718e-14,-2.0574418789473545e-16,-4.903911834455677e-05,1791548643.9969964
odom,39.64,2.3667520475164986e-12,3.298627531638968e-15,0.006404681326608763,2.833634193307546e-14,-2.0561102225753336e-16,-0.003333893332063492,1791548644.048806
odom,39.68,2.3678857033068886e-12,3.299807284436441e-15,0.006314021435511297,2.8337364652957956e-14,-2.0572160681942835e-16,-0.004014752844936033,1791548644.0990176
odom,39.72,2.3690193987248837e-12,3.301034563133477e-15,0.006184768650709049,2.8338335309372235e-14,-2.0565867669397056e-16,-0.0054945964377127315,1791548644.149092
odom,39.76,2.37015308231499e-12,3.3021871292904696e-15,0.00611469591313929,2.833712839385609e-14,-2.0579438039521928e-16,-0.0009520586370955881,1791548644.1988668
odom,39.84,2.372420389975336e-12,3.3042704036866175e-15,0.006175380616036286,2.8337612462513595e-14,-2.0570727007433031e-16,-0.0006392180184433678,1791548644.2488527
odom,39.88,2.3735540317884924e-12,3.3053056689286386e-15,0.0062015662430709995,2.8335850098913715e-14,-2.055792817285305e-16,-0.0010331080159279177,1791548644.2987592
odom,39.92,2.3746876756718986e-12,3.3063561865346814e-15,0.0062166217849788374,2.8337162526258095e-14,-2.0555297732887205e-16,-0.0011626686573658921,1791548644.3488827
odom,39.96,2.375821368396718e-12,3.307400270031849e-15,0.006235655094561476,2.8338312736107378e-14,-2.0549038283928678e-16,-0.0007863657134398205,1791548644.3988938
odom,40.04,2.3780887314433114e-12,3.309515952892908e-15,0.00623309079556611,2.833751320289864e-14,-2.05572523273743e-16,0.00036551999552608444,1791548644.448909
odom,40.08,2.379222425293436e-12,3.3105731315029046e-15,0.006229000514350159,2.8338076948393535e-14,-2.0574369822009572e-16,-0.003636301132971811,1791548644.4988465
odom,40.12,2.38035613341608e-12,3.3116756927769487e-15,0.006182786971890674,2.8338296584916503e-14,-2.0557982207400701e-16,-0.001598923913641435,1791548644.5488281
odom,40.16,2.3814898324423125e-12,3.3127062635584423e-15,0.006199246647678348,2.833774528334947e-14,-2.0557643314106324e-16,-0.0005104341872347386,1791548644.5989223
cmd,40.225,0,0,0,0.0,0.0,0.0,1791548644.6236687
odom,40.24,2.38375728821715e-12,3.3148200029355373e-15,0.006174008839859635,2.833776415628361e-14,-2.0578431213925226e-16,-0.0005798763150397062,1791548644.648932
odom,40.28,2.3848909917396606e-12,3.315835041812938e-15,0.006201784235357889,2.833830897952688e-14,-2.0532285010085964e-16,-0.0010135943157134415,1791548644.6987565
odom,40.32,2.386024717385014e-12,3.3168046682898215e-15,0.006264354980043851,2.833881930977655e-14,-2.0568011864515274e-16,0.0013575349424842665,1791548644.7488685
odom,40.36,2.3871584479755054e-12,3.3177869059143044e-15,0.006308827109665848,2.833868491163229e-14,-2.0566350001682397e-16,-0.0020538172115448163,1791548644.7987869
odom,40.44,2.389425829232612e-12,3.3197398159247542e-15,0.006399524968125459,2.8337900623248294e-14,-2.05754170414267e-16,0.0009097349849785761,1791548644.8489265
